sub,relationship,valence,o_none,o_both,o_self,o_other,self_percent,other_percent
1,acq_overlap,negative,23,2,2,8,0.5,0.2
1,acq_overlap,neutral,17,4,3,14,0.5714285714285714,0.2222222222222222
1,acq_overlap,positive,12,7,10,12,0.4117647058823529,0.3684210526315789
1,close_overlap,negative,28,2,2,3,0.5,0.4
1,close_overlap,neutral,22,3,4,9,0.42857142857142855,0.25
1,close_overlap,positive,9,14,3,15,0.8235294117647058,0.4827586206896552
1,dislike_overlap,negative,13,1,3,18,0.25,0.05263157894736842
1,dislike_overlap,neutral,24,1,6,7,0.14285714285714285,0.125
1,dislike_overlap,positive,19,1,16,5,0.058823529411764705,0.16666666666666666
2,acq_overlap,negative,33,0,2,0,0,NaN
2,acq_overlap,neutral,28,0,7,3,0,0
2,acq_overlap,positive,10,7,21,3,0.25,0.7
2,close_overlap,negative,25,2,0,8,1,0.2
2,close_overlap,neutral,22,6,1,9,0.8571428571428571,0.4
2,close_overlap,positive,5,23,5,8,0.8214285714285714,0.7419354838709677
2,dislike_overlap,negative,20,0,2,13,0,0
2,dislike_overlap,neutral,25,2,5,6,0.2857142857142857,0.25
2,dislike_overlap,positive,12,1,27,1,0.03571428571428571,0.5
3,acq_overlap,negative,22,4,5,4,0.4444444444444444,0.5
3,acq_overlap,neutral,22,7,4,5,0.6363636363636364,0.5833333333333334
3,acq_overlap,positive,10,12,5,14,0.7058823529411765,0.46153846153846156
3,close_overlap,negative,23,3,6,3,0.3333333333333333,0.5
3,close_overlap,neutral,25,4,7,2,0.36363636363636365,0.6666666666666666
3,close_overlap,positive,14,16,1,10,0.9411764705882353,0.6153846153846154
3,dislike_overlap,negative,15,2,7,11,0.2222222222222222,0.15384615384615385
3,dislike_overlap,neutral,20,5,6,7,0.45454545454545453,0.4166666666666667
3,dislike_overlap,positive,12,6,11,12,0.35294117647058826,0.3333333333333333
4,acq_overlap,negative,32,0,3,0,0,NaN
4,acq_overlap,neutral,33,0,3,2,0,0
4,acq_overlap,positive,18,2,4,17,0.3333333333333333,0.10526315789473684
4,close_overlap,negative,29,1,2,3,0.3333333333333333,0.25
4,close_overlap,neutral,31,0,3,4,0,0
4,close_overlap,positive,27,3,3,8,0.5,0.2727272727272727
4,dislike_overlap,negative,29,2,1,3,0.6666666666666666,0.4
4,dislike_overlap,neutral,35,0,3,0,0,NaN
4,dislike_overlap,positive,31,0,6,4,0,0
5,acq_overlap,negative,24,0,10,1,0,0
5,acq_overlap,neutral,24,1,11,2,0.08333333333333333,0.3333333333333333
5,acq_overlap,positive,12,7,20,2,0.25925925925925924,0.7777777777777778
5,close_overlap,negative,22,0,10,3,0,0
5,close_overlap,neutral,24,2,10,2,0.16666666666666666,0.5
5,close_overlap,positive,11,12,15,3,0.4444444444444444,0.8
5,dislike_overlap,negative,21,3,7,4,0.3,0.42857142857142855
5,dislike_overlap,neutral,24,2,10,2,0.16666666666666666,0.5
5,dislike_overlap,positive,12,1,26,2,0.037037037037037035,0.3333333333333333
6,acq_overlap,negative,32,0,2,1,0,0
6,acq_overlap,neutral,34,0,4,0,0,NaN
6,acq_overlap,positive,22,5,3,11,0.625,0.3125
6,close_overlap,negative,31,0,2,2,0,0
6,close_overlap,neutral,31,0,4,3,0,0
6,close_overlap,positive,25,6,2,8,0.75,0.42857142857142855
6,dislike_overlap,negative,28,0,2,5,0,0
6,dislike_overlap,neutral,34,1,3,0,0.25,1
6,dislike_overlap,positive,33,1,7,0,0.125,1
7,acq_overlap,negative,35,0,0,0,NaN,NaN
7,acq_overlap,neutral,29,2,5,2,0.2857142857142857,0.5
7,acq_overlap,positive,8,8,5,20,0.6153846153846154,0.2857142857142857
7,close_overlap,negative,30,0,0,5,NaN,0
7,close_overlap,neutral,26,4,3,5,0.5714285714285714,0.4444444444444444
7,close_overlap,positive,21,3,10,7,0.23076923076923078,0.3
7,dislike_overlap,negative,30,0,0,5,NaN,0
7,dislike_overlap,neutral,27,3,4,4,0.42857142857142855,0.42857142857142855
7,dislike_overlap,positive,17,9,4,11,0.6923076923076923,0.45
9,acq_overlap,negative,33,0,2,0,0,NaN
9,acq_overlap,neutral,31,0,3,4,0,0
9,acq_overlap,positive,26,2,11,2,0.15384615384615385,0.5
9,close_overlap,negative,30,0,2,3,0,0
9,close_overlap,neutral,31,2,1,4,0.6666666666666666,0.3333333333333333
9,close_overlap,positive,18,4,9,10,0.3076923076923077,0.2857142857142857
9,dislike_overlap,negative,26,0,2,7,0,0
9,dislike_overlap,neutral,33,1,2,2,0.3333333333333333,0.3333333333333333
9,dislike_overlap,positive,26,1,12,2,0.07692307692307693,0.3333333333333333
10,acq_overlap,negative,30,0,1,4,0,0
10,acq_overlap,neutral,24,2,5,7,0.2857142857142857,0.2222222222222222
10,acq_overlap,positive,17,6,9,9,0.4,0.4
10,close_overlap,negative,32,0,1,2,0,0
10,close_overlap,neutral,21,1,6,10,0.14285714285714285,0.09090909090909091
10,close_overlap,positive,13,10,5,13,0.6666666666666666,0.43478260869565216
10,dislike_overlap,negative,19,0,1,15,0,0
10,dislike_overlap,neutral,27,1,6,4,0.14285714285714285,0.2
10,dislike_overlap,positive,22,3,12,4,0.2,0.42857142857142855
12,acq_overlap,negative,33,0,2,0,0,NaN
12,acq_overlap,neutral,27,0,11,0,0,NaN
12,acq_overlap,positive,19,4,18,0,0.18181818181818182,1
12,close_overlap,negative,33,0,2,0,0,NaN
12,close_overlap,neutral,27,2,9,0,0.18181818181818182,1
12,close_overlap,positive,15,10,12,4,0.45454545454545453,0.7142857142857143
12,dislike_overlap,negative,25,0,2,8,0,0
12,dislike_overlap,neutral,21,1,10,6,0.09090909090909091,0.14285714285714285
12,dislike_overlap,positive,19,3,19,0,0.13636363636363635,1
13,acq_overlap,negative,33,0,2,0,0,NaN
13,acq_overlap,neutral,32,2,3,1,0.4,0.6666666666666666
13,acq_overlap,positive,24,6,6,5,0.5,0.5454545454545454
13,close_overlap,negative,31,0,2,2,0,0
13,close_overlap,neutral,27,2,3,6,0.4,0.25
13,close_overlap,positive,12,8,4,17,0.6666666666666666,0.32
13,dislike_overlap,negative,12,0,2,21,0,0
13,dislike_overlap,neutral,27,1,4,6,0.2,0.14285714285714285
13,dislike_overlap,positive,28,0,12,1,0,0
14,acq_overlap,negative,28,0,3,4,0,0
14,acq_overlap,neutral,22,2,4,10,0.3333333333333333,0.16666666666666666
14,acq_overlap,positive,7,17,4,13,0.8095238095238095,0.5666666666666667
14,close_overlap,negative,19,1,2,13,0.3333333333333333,0.07142857142857142
14,close_overlap,neutral,25,4,2,7,0.6666666666666666,0.36363636363636365
14,close_overlap,positive,12,14,7,8,0.6666666666666666,0.6363636363636364
14,dislike_overlap,negative,19,1,2,13,0.3333333333333333,0.07142857142857142
14,dislike_overlap,neutral,22,4,2,10,0.6666666666666666,0.2857142857142857
14,dislike_overlap,positive,15,7,14,5,0.3333333333333333,0.5833333333333334
15,acq_overlap,negative,29,1,3,2,0.25,0.3333333333333333
15,acq_overlap,neutral,17,5,11,5,0.3125,0.5
15,acq_overlap,positive,22,2,13,4,0.13333333333333333,0.3333333333333333
15,close_overlap,negative,29,0,4,2,0,0
15,close_overlap,neutral,19,3,13,3,0.1875,0.5
15,close_overlap,positive,15,10,5,11,0.6666666666666666,0.47619047619047616
15,dislike_overlap,negative,14,3,1,17,0.75,0.15
15,dislike_overlap,neutral,16,2,14,6,0.125,0.25
15,dislike_overlap,positive,25,4,11,1,0.26666666666666666,0.8
16,acq_overlap,negative,17,2,13,3,0.13333333333333333,0.4
16,acq_overlap,neutral,21,0,14,3,0,0
16,acq_overlap,positive,14,3,20,4,0.13043478260869565,0.42857142857142855
16,close_overlap,negative,18,4,11,2,0.26666666666666666,0.6666666666666666
16,close_overlap,neutral,14,0,14,10,0,0
16,close_overlap,positive,11,10,13,7,0.43478260869565216,0.5882352941176471
16,dislike_overlap,negative,12,6,9,8,0.4,0.42857142857142855
16,dislike_overlap,neutral,18,0,14,6,0,0
16,dislike_overlap,positive,15,1,22,3,0.043478260869565216,0.25
17,acq_overlap,negative,28,1,6,0,0.14285714285714285,1
17,acq_overlap,neutral,36,0,0,2,NaN,0
17,acq_overlap,positive,31,2,3,5,0.4,0.2857142857142857
17,close_overlap,negative,28,2,5,0,0.2857142857142857,1
17,close_overlap,neutral,31,0,0,7,NaN,0
17,close_overlap,positive,18,4,1,18,0.8,0.18181818181818182
17,dislike_overlap,negative,15,3,4,13,0.42857142857142855,0.1875
17,dislike_overlap,neutral,31,0,0,7,NaN,0
17,dislike_overlap,positive,36,2,3,0,0.4,1
19,acq_overlap,negative,23,0,11,1,0,0
19,acq_overlap,neutral,23,4,7,4,0.36363636363636365,0.5
19,acq_overlap,positive,7,24,3,7,0.8888888888888888,0.7741935483870968
19,close_overlap,negative,18,1,10,6,0.09090909090909091,0.14285714285714285
19,close_overlap,neutral,18,5,6,9,0.45454545454545453,0.35714285714285715
19,close_overlap,positive,5,15,12,9,0.5555555555555556,0.625
19,dislike_overlap,negative,6,5,6,18,0.45454545454545453,0.21739130434782608
19,dislike_overlap,neutral,19,5,6,8,0.45454545454545453,0.38461538461538464
19,dislike_overlap,positive,13,6,21,1,0.2222222222222222,0.8571428571428571
20,acq_overlap,negative,29,0,3,3,0,0
20,acq_overlap,neutral,32,0,3,3,0,0
20,acq_overlap,positive,27,1,7,6,0.125,0.14285714285714285
20,close_overlap,negative,31,0,3,1,0,0
20,close_overlap,neutral,28,2,1,7,0.6666666666666666,0.2222222222222222
20,close_overlap,positive,28,5,3,5,0.625,0.5
20,dislike_overlap,negative,28,1,2,4,0.3333333333333333,0.2
20,dislike_overlap,neutral,29,2,1,6,0.6666666666666666,0.25
20,dislike_overlap,positive,30,0,8,3,0,0
21,acq_overlap,negative,29,0,6,0,0,NaN
21,acq_overlap,neutral,31,0,4,3,0,0
21,acq_overlap,positive,21,2,12,6,0.14285714285714285,0.25
21,close_overlap,negative,28,2,4,1,0.3333333333333333,0.6666666666666666
21,close_overlap,neutral,24,2,2,10,0.5,0.16666666666666666
21,close_overlap,positive,6,12,2,21,0.8571428571428571,0.36363636363636365
21,dislike_overlap,negative,12,3,3,17,0.5,0.15
21,dislike_overlap,neutral,29,0,4,5,0,0
21,dislike_overlap,positive,27,1,13,0,0.07142857142857142,1
22,acq_overlap,negative,31,0,1,3,0,0
22,acq_overlap,neutral,27,3,3,5,0.5,0.375
22,acq_overlap,positive,21,2,14,4,0.125,0.3333333333333333
22,close_overlap,negative,33,0,1,1,0,0
22,close_overlap,neutral,32,1,5,0,0.16666666666666666,1
22,close_overlap,positive,19,6,10,6,0.375,0.5
22,dislike_overlap,negative,25,0,1,9,0,0
22,dislike_overlap,neutral,24,2,4,8,0.3333333333333333,0.2
22,dislike_overlap,positive,24,0,16,1,0,0
23,acq_overlap,negative,28,1,2,4,0.3333333333333333,0.2
23,acq_overlap,neutral,26,1,2,9,0.3333333333333333,0.1
23,acq_overlap,positive,16,7,15,3,0.3181818181818182,0.7
23,close_overlap,negative,29,2,1,3,0.6666666666666666,0.4
23,close_overlap,neutral,32,2,1,3,0.6666666666666666,0.4
23,close_overlap,positive,9,20,2,10,0.9090909090909091,0.6666666666666666
23,dislike_overlap,negative,12,2,1,20,0.6666666666666666,0.09090909090909091
23,dislike_overlap,neutral,25,2,1,10,0.6666666666666666,0.16666666666666666
23,dislike_overlap,positive,15,4,18,4,0.18181818181818182,0.5
24,acq_overlap,negative,30,0,2,3,0,0
24,acq_overlap,neutral,32,0,1,5,0,0
24,acq_overlap,positive,25,3,11,2,0.21428571428571427,0.6
24,close_overlap,negative,31,0,2,2,0,0
24,close_overlap,neutral,31,0,1,6,0,0
24,close_overlap,positive,22,6,8,5,0.42857142857142855,0.5454545454545454
24,dislike_overlap,negative,26,0,2,7,0,0
24,dislike_overlap,neutral,30,0,1,7,0,0
24,dislike_overlap,positive,24,1,13,3,0.07142857142857142,0.25
26,acq_overlap,negative,30,0,5,0,0,NaN
26,acq_overlap,neutral,30,0,5,3,0,0
26,acq_overlap,positive,25,1,13,2,0.07142857142857142,0.3333333333333333
26,close_overlap,negative,30,0,5,0,0,NaN
26,close_overlap,neutral,29,1,4,4,0.2,0.2
26,close_overlap,positive,18,4,10,9,0.2857142857142857,0.3076923076923077
26,dislike_overlap,negative,26,1,4,4,0.2,0.2
26,dislike_overlap,neutral,33,1,4,0,0.2,1
26,dislike_overlap,positive,25,1,13,2,0.07142857142857142,0.3333333333333333
29,acq_overlap,negative,24,0,10,1,0,0
29,acq_overlap,neutral,19,0,16,3,0,0
29,acq_overlap,positive,7,14,7,13,0.6666666666666666,0.5185185185185185
29,close_overlap,negative,18,3,7,7,0.3,0.3
29,close_overlap,neutral,17,5,11,5,0.3125,0.5
29,close_overlap,positive,6,13,8,14,0.6190476190476191,0.48148148148148145
29,dislike_overlap,negative,6,5,5,19,0.5,0.20833333333333334
29,dislike_overlap,neutral,14,6,10,8,0.375,0.42857142857142855
29,dislike_overlap,positive,16,3,18,4,0.14285714285714285,0.42857142857142855
31,acq_overlap,negative,26,0,5,4,0,0
31,acq_overlap,neutral,21,1,6,10,0.14285714285714285,0.09090909090909091
31,acq_overlap,positive,14,7,16,4,0.30434782608695654,0.6363636363636364
31,close_overlap,negative,27,2,3,3,0.4,0.4
31,close_overlap,neutral,26,2,5,5,0.2857142857142857,0.2857142857142857
31,close_overlap,positive,9,12,11,9,0.5217391304347826,0.5714285714285714
31,dislike_overlap,negative,17,2,3,13,0.4,0.13333333333333333
31,dislike_overlap,neutral,23,4,3,8,0.5714285714285714,0.3333333333333333
31,dislike_overlap,positive,16,3,20,2,0.13043478260869565,0.6
32,acq_overlap,negative,30,1,4,0,0.2,1
32,acq_overlap,neutral,26,0,10,2,0,0
32,acq_overlap,positive,15,4,19,3,0.17391304347826086,0.5714285714285714
32,close_overlap,negative,25,2,3,5,0.4,0.2857142857142857
32,close_overlap,neutral,24,0,10,4,0,0
32,close_overlap,positive,15,6,17,3,0.2608695652173913,0.6666666666666666
32,dislike_overlap,negative,24,1,4,6,0.2,0.14285714285714285
32,dislike_overlap,neutral,25,1,9,3,0.1,0.25
32,dislike_overlap,positive,15,3,20,3,0.13043478260869565,0.5
33,acq_overlap,negative,30,0,4,1,0,0
33,acq_overlap,neutral,21,2,15,0,0.11764705882352941,1
33,acq_overlap,positive,10,3,27,1,0.1,0.75
33,close_overlap,negative,31,1,3,0,0.25,1
33,close_overlap,neutral,17,2,15,4,0.11764705882352941,0.3333333333333333
33,close_overlap,positive,8,13,17,3,0.43333333333333335,0.8125
33,dislike_overlap,negative,20,1,3,11,0.25,0.08333333333333333
33,dislike_overlap,neutral,14,1,16,7,0.058823529411764705,0.125
33,dislike_overlap,positive,9,1,29,2,0.03333333333333333,0.3333333333333333
34,acq_overlap,negative,34,0,1,0,0,NaN
34,acq_overlap,neutral,33,1,3,1,0.25,0.5
34,acq_overlap,positive,17,8,11,5,0.42105263157894735,0.6153846153846154
34,close_overlap,negative,33,0,1,1,0,0
34,close_overlap,neutral,30,1,3,4,0.25,0.2
34,close_overlap,positive,16,13,6,6,0.6842105263157895,0.6842105263157895
34,dislike_overlap,negative,25,0,1,9,0,0
34,dislike_overlap,neutral,29,0,4,5,0,0
34,dislike_overlap,positive,20,0,19,2,0,0
35,acq_overlap,negative,21,0,14,0,0,NaN
35,acq_overlap,neutral,21,3,10,4,0.23076923076923078,0.42857142857142855
35,acq_overlap,positive,8,11,3,19,0.7857142857142857,0.36666666666666664
35,close_overlap,negative,19,4,10,2,0.2857142857142857,0.6666666666666666
35,close_overlap,neutral,19,4,9,6,0.3076923076923077,0.4
35,close_overlap,positive,19,6,8,8,0.42857142857142855,0.42857142857142855
35,dislike_overlap,negative,17,2,12,4,0.14285714285714285,0.3333333333333333
35,dislike_overlap,neutral,20,1,12,5,0.07692307692307693,0.16666666666666666
35,dislike_overlap,positive,19,2,12,8,0.14285714285714285,0.2
37,acq_overlap,negative,13,1,14,7,0.06666666666666667,0.125
37,acq_overlap,neutral,23,1,13,1,0.07142857142857142,0.5
37,acq_overlap,positive,7,6,24,4,0.2,0.6
37,close_overlap,negative,16,4,11,4,0.26666666666666666,0.5
37,close_overlap,neutral,19,9,5,5,0.6428571428571429,0.6428571428571429
37,close_overlap,positive,7,29,1,4,0.9666666666666667,0.8787878787878788
37,dislike_overlap,negative,8,11,4,12,0.7333333333333333,0.4782608695652174
37,dislike_overlap,neutral,21,6,8,3,0.42857142857142855,0.6666666666666666
37,dislike_overlap,positive,10,0,30,1,0,0
41,acq_overlap,negative,31,0,4,0,0,NaN
41,acq_overlap,neutral,23,2,11,2,0.15384615384615385,0.5
41,acq_overlap,positive,14,7,16,4,0.30434782608695654,0.6363636363636364
41,close_overlap,negative,31,1,3,0,0.25,1
41,close_overlap,neutral,21,6,7,4,0.46153846153846156,0.6
41,close_overlap,positive,4,17,6,14,0.7391304347826086,0.5483870967741935
41,dislike_overlap,negative,11,1,3,20,0.25,0.047619047619047616
41,dislike_overlap,neutral,22,5,8,3,0.38461538461538464,0.625
41,dislike_overlap,positive,14,3,20,4,0.13043478260869565,0.42857142857142855
42,acq_overlap,negative,32,0,1,2,0,0
42,acq_overlap,neutral,36,0,0,2,NaN,0
42,acq_overlap,positive,34,0,0,7,NaN,0
42,close_overlap,negative,33,0,1,1,0,0
42,close_overlap,neutral,35,0,0,3,NaN,0
42,close_overlap,positive,29,0,0,12,NaN,0
42,dislike_overlap,negative,32,0,1,2,0,0
42,dislike_overlap,neutral,37,0,0,1,NaN,0
42,dislike_overlap,positive,38,0,0,3,NaN,0
43,acq_overlap,negative,29,0,6,0,0,NaN
43,acq_overlap,neutral,25,0,11,2,0,0
43,acq_overlap,positive,12,9,17,3,0.34615384615384615,0.75
43,close_overlap,negative,25,1,5,4,0.16666666666666666,0.2
43,close_overlap,neutral,25,5,6,2,0.45454545454545453,0.7142857142857143
43,close_overlap,positive,12,6,20,3,0.23076923076923078,0.6666666666666666
43,dislike_overlap,negative,24,1,5,5,0.16666666666666666,0.16666666666666666
43,dislike_overlap,neutral,27,1,10,0,0.09090909090909091,1
43,dislike_overlap,positive,15,1,25,0,0.038461538461538464,1
44,acq_overlap,negative,23,0,12,0,0,NaN
44,acq_overlap,neutral,24,0,11,3,0,0
44,acq_overlap,positive,17,3,17,4,0.15,0.42857142857142855
44,close_overlap,negative,21,1,11,2,0.08333333333333333,0.3333333333333333
44,close_overlap,neutral,25,0,11,2,0,0
44,close_overlap,positive,15,5,15,6,0.25,0.45454545454545453
44,dislike_overlap,negative,17,2,10,6,0.16666666666666666,0.25
44,dislike_overlap,neutral,25,2,9,2,0.18181818181818182,0.5
44,dislike_overlap,positive,21,0,20,0,0,NaN
45,acq_overlap,negative,33,0,2,0,0,NaN
45,acq_overlap,neutral,32,1,5,0,0.16666666666666666,1
45,acq_overlap,positive,12,11,14,4,0.44,0.7333333333333333
45,close_overlap,negative,31,0,2,2,0,0
45,close_overlap,neutral,31,1,5,1,0.16666666666666666,0.5
45,close_overlap,positive,10,21,4,6,0.84,0.7777777777777778
45,dislike_overlap,negative,27,0,2,6,0,0
45,dislike_overlap,neutral,31,0,6,1,0,0
45,dislike_overlap,positive,15,0,25,1,0,0
46,acq_overlap,negative,35,0,0,0,NaN,NaN
46,acq_overlap,neutral,31,0,7,0,0,NaN
46,acq_overlap,positive,16,7,12,6,0.3684210526315789,0.5384615384615384
46,close_overlap,negative,35,0,0,0,NaN,NaN
46,close_overlap,neutral,31,0,7,0,0,NaN
46,close_overlap,positive,12,14,5,10,0.7368421052631579,0.5833333333333334
46,dislike_overlap,negative,28,0,0,7,NaN,0
46,dislike_overlap,neutral,30,1,6,1,0.14285714285714285,0.5
46,dislike_overlap,positive,22,0,19,0,0,NaN
47,acq_overlap,negative,29,0,6,0,0,NaN
47,acq_overlap,neutral,29,0,9,0,0,NaN
47,acq_overlap,positive,23,5,13,0,0.2777777777777778,1
47,close_overlap,negative,28,2,4,1,0.3333333333333333,0.6666666666666666
47,close_overlap,neutral,27,5,4,2,0.5555555555555556,0.7142857142857143
47,close_overlap,positive,15,13,5,8,0.7222222222222222,0.6190476190476191
47,dislike_overlap,negative,19,3,3,10,0.5,0.23076923076923078
47,dislike_overlap,neutral,25,2,7,4,0.2222222222222222,0.3333333333333333
47,dislike_overlap,positive,23,2,16,0,0.1111111111111111,1
48,acq_overlap,negative,30,0,3,2,0,0
48,acq_overlap,neutral,32,0,4,2,0,0
48,acq_overlap,positive,18,5,11,7,0.3125,0.4166666666666667
48,close_overlap,negative,29,0,3,3,0,0
48,close_overlap,neutral,31,0,4,3,0,0
48,close_overlap,positive,24,5,11,1,0.3125,0.8333333333333334
48,dislike_overlap,negative,27,0,3,5,0,0
48,dislike_overlap,neutral,33,1,3,1,0.25,0.5
48,dislike_overlap,positive,25,1,15,0,0.0625,1
49,acq_overlap,negative,33,0,1,1,0,0
49,acq_overlap,neutral,26,0,4,8,0,0
49,acq_overlap,positive,23,6,2,10,0.75,0.375
49,close_overlap,negative,30,0,1,4,0,0
49,close_overlap,neutral,27,1,3,7,0.25,0.125
49,close_overlap,positive,24,1,7,9,0.125,0.1
49,dislike_overlap,negative,24,1,0,10,1,0.09090909090909091
49,dislike_overlap,neutral,30,1,3,4,0.25,0.2
49,dislike_overlap,positive,32,1,7,1,0.125,0.5
50,acq_overlap,negative,22,2,8,3,0.2,0.4
50,acq_overlap,neutral,23,1,8,6,0.1111111111111111,0.14285714285714285
50,acq_overlap,positive,19,7,8,7,0.4666666666666667,0.5
50,close_overlap,negative,22,2,8,3,0.2,0.4
50,close_overlap,neutral,22,0,9,7,0,0
50,close_overlap,positive,15,9,6,11,0.6,0.45
50,dislike_overlap,negative,14,7,3,11,0.7,0.3888888888888889
50,dislike_overlap,neutral,23,1,8,6,0.1111111111111111,0.14285714285714285
50,dislike_overlap,positive,23,5,10,3,0.3333333333333333,0.625
51,acq_overlap,negative,28,3,2,2,0.6,0.6
51,acq_overlap,neutral,26,3,7,2,0.3,0.6
51,acq_overlap,positive,17,11,13,0,0.4583333333333333,1
51,close_overlap,negative,29,0,5,1,0,0
51,close_overlap,neutral,27,3,7,1,0.3,0.75
51,close_overlap,positive,15,12,12,2,0.5,0.8571428571428571
51,dislike_overlap,negative,24,1,4,6,0.2,0.14285714285714285
51,dislike_overlap,neutral,25,3,7,3,0.3,0.5
51,dislike_overlap,positive,17,0,24,0,0,NaN
52,acq_overlap,negative,21,0,7,7,0,0
52,acq_overlap,neutral,22,2,9,5,0.18181818181818182,0.2857142857142857
52,acq_overlap,positive,9,12,15,5,0.4444444444444444,0.7058823529411765
52,close_overlap,negative,25,3,4,3,0.42857142857142855,0.5
52,close_overlap,neutral,22,4,7,5,0.36363636363636365,0.4444444444444444
52,close_overlap,positive,9,7,20,5,0.25925925925925924,0.5833333333333334
52,dislike_overlap,negative,17,1,6,11,0.14285714285714285,0.08333333333333333
52,dislike_overlap,neutral,23,2,9,4,0.18181818181818182,0.3333333333333333
52,dislike_overlap,positive,14,0,27,0,0,NaN
53,acq_overlap,negative,31,0,3,1,0,0
53,acq_overlap,neutral,28,1,4,5,0.2,0.16666666666666666
53,acq_overlap,positive,10,9,5,17,0.6428571428571429,0.34615384615384615
53,close_overlap,negative,31,1,2,1,0.3333333333333333,0.5
53,close_overlap,neutral,28,3,2,5,0.6,0.375
53,close_overlap,positive,13,11,3,14,0.7857142857142857,0.44
53,dislike_overlap,negative,19,1,2,13,0.3333333333333333,0.07142857142857142
53,dislike_overlap,neutral,27,1,4,6,0.2,0.14285714285714285
53,dislike_overlap,positive,25,0,14,2,0,0
54,acq_overlap,negative,34,0,1,0,0,NaN
54,acq_overlap,neutral,34,1,2,1,0.3333333333333333,0.5
54,acq_overlap,positive,14,12,8,7,0.6,0.631578947368421
54,close_overlap,negative,28,1,0,6,1,0.14285714285714285
54,close_overlap,neutral,27,2,1,8,0.6666666666666666,0.2
54,close_overlap,positive,15,12,8,6,0.6,0.6666666666666666
54,dislike_overlap,negative,22,0,1,12,0,0
54,dislike_overlap,neutral,31,2,1,4,0.6666666666666666,0.3333333333333333
54,dislike_overlap,positive,21,0,20,0,0,NaN
55,acq_overlap,negative,28,0,2,5,0,0
55,acq_overlap,neutral,32,0,2,4,0,0
55,acq_overlap,positive,24,4,5,8,0.4444444444444444,0.3333333333333333
55,close_overlap,negative,28,0,2,5,0,0
55,close_overlap,neutral,33,1,1,3,0.5,0.25
55,close_overlap,positive,26,5,4,6,0.5555555555555556,0.45454545454545453
55,dislike_overlap,negative,23,1,1,10,0.5,0.09090909090909091
55,dislike_overlap,neutral,35,0,2,1,0,0
55,dislike_overlap,positive,29,0,9,3,0,0
57,acq_overlap,negative,25,1,7,2,0.125,0.3333333333333333
57,acq_overlap,neutral,23,2,9,4,0.18181818181818182,0.3333333333333333
57,acq_overlap,positive,24,6,6,5,0.5,0.5454545454545454
57,close_overlap,negative,27,3,5,0,0.375,1
57,close_overlap,neutral,27,2,9,0,0.18181818181818182,1
57,close_overlap,positive,12,8,4,17,0.6666666666666666,0.32
57,dislike_overlap,negative,11,5,3,16,0.625,0.23809523809523808
57,dislike_overlap,neutral,24,3,8,3,0.2727272727272727,0.5
57,dislike_overlap,positive,26,2,10,3,0.16666666666666666,0.4
58,acq_overlap,negative,28,0,7,0,0,NaN
58,acq_overlap,neutral,26,2,5,5,0.2857142857142857,0.2857142857142857
58,acq_overlap,positive,9,17,6,9,0.7391304347826086,0.6538461538461539
58,close_overlap,negative,25,1,6,3,0.14285714285714285,0.25
58,close_overlap,neutral,29,0,7,2,0,0
58,close_overlap,positive,8,16,7,10,0.6956521739130435,0.6153846153846154
58,dislike_overlap,negative,18,1,6,10,0.14285714285714285,0.09090909090909091
58,dislike_overlap,neutral,29,0,7,2,0,0
58,dislike_overlap,positive,18,0,23,0,0,NaN
59,acq_overlap,negative,34,0,1,0,0,NaN
59,acq_overlap,neutral,31,2,1,4,0.6666666666666666,0.3333333333333333
59,acq_overlap,positive,33,1,3,4,0.25,0.2
59,close_overlap,negative,34,0,1,0,0,NaN
59,close_overlap,neutral,32,0,3,3,0,0
59,close_overlap,positive,16,3,1,21,0.75,0.125
59,dislike_overlap,negative,27,1,0,7,1,0.125
59,dislike_overlap,neutral,32,1,2,3,0.3333333333333333,0.25
59,dislike_overlap,positive,34,1,3,3,0.25,0.25
60,acq_overlap,negative,28,0,7,0,0,NaN
60,acq_overlap,neutral,30,2,3,3,0.4,0.4
60,acq_overlap,positive,25,4,3,9,0.5714285714285714,0.3076923076923077
60,close_overlap,negative,28,1,6,0,0.14285714285714285,1
60,close_overlap,neutral,31,1,4,2,0.2,0.3333333333333333
60,close_overlap,positive,19,5,2,15,0.7142857142857143,0.25
60,dislike_overlap,negative,22,6,1,6,0.8571428571428571,0.5
60,dislike_overlap,neutral,30,0,5,3,0,0
60,dislike_overlap,positive,33,0,7,1,0,0
61,acq_overlap,negative,33,0,2,0,0,NaN
61,acq_overlap,neutral,31,3,3,1,0.5,0.75
61,acq_overlap,positive,8,17,6,10,0.7391304347826086,0.6296296296296297
61,close_overlap,negative,24,1,1,9,0.5,0.1
61,close_overlap,neutral,24,3,3,8,0.5,0.2727272727272727
61,close_overlap,positive,10,18,5,8,0.782608695652174,0.6923076923076923
61,dislike_overlap,negative,17,0,2,16,0,0
61,dislike_overlap,neutral,23,1,5,9,0.16666666666666666,0.1
61,dislike_overlap,positive,17,0,23,1,0,0
62,acq_overlap,negative,32,0,3,0,0,NaN
62,acq_overlap,neutral,26,1,4,7,0.2,0.125
62,acq_overlap,positive,9,6,23,3,0.20689655172413793,0.6666666666666666
62,close_overlap,negative,31,0,3,1,0,0
62,close_overlap,neutral,30,1,4,3,0.2,0.25
62,close_overlap,positive,6,23,6,6,0.7931034482758621,0.7931034482758621
62,dislike_overlap,negative,22,2,1,10,0.6666666666666666,0.16666666666666666
62,dislike_overlap,neutral,25,1,4,8,0.2,0.1111111111111111
62,dislike_overlap,positive,11,4,25,1,0.13793103448275862,0.8
64,acq_overlap,negative,32,0,3,0,0,NaN
64,acq_overlap,neutral,24,2,4,8,0.3333333333333333,0.2
64,acq_overlap,positive,20,4,8,9,0.3333333333333333,0.3076923076923077
64,close_overlap,negative,29,1,2,3,0.3333333333333333,0.25
64,close_overlap,neutral,23,4,2,9,0.6666666666666666,0.3076923076923077
64,close_overlap,positive,13,8,4,16,0.6666666666666666,0.3333333333333333
64,dislike_overlap,negative,11,1,2,21,0.3333333333333333,0.045454545454545456
64,dislike_overlap,neutral,21,0,6,11,0,0
64,dislike_overlap,positive,27,2,10,2,0.16666666666666666,0.5
65,acq_overlap,negative,31,0,0,4,NaN,0
65,acq_overlap,neutral,31,0,4,3,0,0
65,acq_overlap,positive,33,0,7,1,0,0
65,close_overlap,negative,35,0,0,0,NaN,NaN
65,close_overlap,neutral,34,0,4,0,0,NaN
65,close_overlap,positive,27,5,2,7,0.7142857142857143,0.4166666666666667
65,dislike_overlap,negative,27,0,0,8,NaN,0
65,dislike_overlap,neutral,29,0,4,5,0,0
65,dislike_overlap,positive,33,0,7,1,0,0
66,acq_overlap,negative,23,0,1,11,0,0
66,acq_overlap,neutral,24,1,2,11,0.3333333333333333,0.08333333333333333
66,acq_overlap,positive,5,14,8,14,0.6363636363636364,0.5
66,close_overlap,negative,31,0,1,3,0,0
66,close_overlap,neutral,24,1,2,11,0.3333333333333333,0.08333333333333333
66,close_overlap,positive,4,19,3,15,0.8636363636363636,0.5588235294117647
66,dislike_overlap,negative,21,0,1,13,0,0
66,dislike_overlap,neutral,22,1,2,13,0.3333333333333333,0.07142857142857142
66,dislike_overlap,positive,14,7,15,5,0.3181818181818182,0.5833333333333334
71,acq_overlap,negative,23,3,5,4,0.375,0.42857142857142855
71,acq_overlap,neutral,16,9,7,6,0.5625,0.6
71,acq_overlap,positive,12,10,5,14,0.6666666666666666,0.4166666666666667
71,close_overlap,negative,19,5,3,8,0.625,0.38461538461538464
71,close_overlap,neutral,11,7,9,11,0.4375,0.3888888888888889
71,close_overlap,positive,11,8,7,15,0.5333333333333333,0.34782608695652173
71,dislike_overlap,negative,19,5,3,8,0.625,0.38461538461538464
71,dislike_overlap,neutral,19,3,13,3,0.1875,0.5
71,dislike_overlap,positive,22,2,13,4,0.13333333333333333,0.3333333333333333
72,acq_overlap,negative,28,1,2,4,0.3333333333333333,0.2
72,acq_overlap,neutral,32,2,2,2,0.5,0.5
72,acq_overlap,positive,17,8,13,3,0.38095238095238093,0.7272727272727273
72,close_overlap,negative,29,1,2,3,0.3333333333333333,0.25
72,close_overlap,neutral,29,2,2,5,0.5,0.2857142857142857
72,close_overlap,positive,12,11,10,8,0.5238095238095238,0.5789473684210527
72,dislike_overlap,negative,23,2,1,9,0.6666666666666666,0.18181818181818182
72,dislike_overlap,neutral,30,2,2,4,0.5,0.3333333333333333
72,dislike_overlap,positive,19,2,19,1,0.09523809523809523,0.6666666666666666
73,acq_overlap,negative,23,1,3,8,0.25,0.1111111111111111
73,acq_overlap,neutral,19,4,4,11,0.5,0.26666666666666666
73,acq_overlap,positive,25,4,5,7,0.4444444444444444,0.36363636363636365
73,close_overlap,negative,26,3,1,5,0.75,0.375
73,close_overlap,neutral,24,3,5,6,0.375,0.3333333333333333
73,close_overlap,positive,11,7,2,21,0.7777777777777778,0.25
73,dislike_overlap,negative,18,2,2,13,0.5,0.13333333333333333
73,dislike_overlap,neutral,19,3,5,11,0.375,0.21428571428571427
73,dislike_overlap,positive,21,1,8,11,0.1111111111111111,0.08333333333333333
74,acq_overlap,negative,25,2,3,5,0.4,0.2857142857142857
74,acq_overlap,neutral,22,4,7,5,0.36363636363636365,0.4444444444444444
74,acq_overlap,positive,11,10,7,13,0.5882352941176471,0.43478260869565216
74,close_overlap,negative,27,0,5,3,0,0
74,close_overlap,neutral,22,0,11,5,0,0
74,close_overlap,positive,7,9,8,17,0.5294117647058824,0.34615384615384615
74,dislike_overlap,negative,19,2,3,11,0.4,0.15384615384615385
74,dislike_overlap,neutral,22,3,8,5,0.2727272727272727,0.375
74,dislike_overlap,positive,24,2,15,0,0.11764705882352941,1
76,acq_overlap,negative,19,1,9,6,0.1,0.14285714285714285
76,acq_overlap,neutral,14,6,9,9,0.4,0.4
76,acq_overlap,positive,18,1,14,8,0.06666666666666667,0.1111111111111111
76,close_overlap,negative,24,2,8,1,0.2,0.6666666666666666
76,close_overlap,neutral,21,5,10,2,0.3333333333333333,0.7142857142857143
76,close_overlap,positive,16,11,4,10,0.7333333333333333,0.5238095238095238
76,dislike_overlap,negative,10,3,7,15,0.3,0.16666666666666666
76,dislike_overlap,neutral,17,8,7,6,0.5333333333333333,0.5714285714285714
76,dislike_overlap,positive,16,10,5,10,0.6666666666666666,0.5
77,acq_overlap,negative,14,7,7,7,0.5,0.5
77,acq_overlap,neutral,21,5,7,5,0.4166666666666667,0.5
77,acq_overlap,positive,22,6,10,3,0.375,0.6666666666666666
77,close_overlap,negative,19,2,12,2,0.14285714285714285,0.5
77,close_overlap,neutral,25,3,9,1,0.25,0.75
77,close_overlap,positive,13,13,3,12,0.8125,0.52
77,dislike_overlap,negative,20,1,13,1,0.07142857142857142,0.5
77,dislike_overlap,neutral,24,2,10,2,0.16666666666666666,0.5
77,dislike_overlap,positive,24,3,13,1,0.1875,0.75
78,acq_overlap,negative,25,1,5,4,0.16666666666666666,0.2
78,acq_overlap,neutral,22,0,6,10,0,0
78,acq_overlap,positive,11,10,11,9,0.47619047619047616,0.5263157894736842
78,close_overlap,negative,29,0,6,0,0,NaN
78,close_overlap,neutral,29,2,4,3,0.3333333333333333,0.4
78,close_overlap,positive,4,16,5,16,0.7619047619047619,0.5
78,dislike_overlap,negative,20,3,3,9,0.5,0.25
78,dislike_overlap,neutral,26,3,3,6,0.5,0.3333333333333333
78,dislike_overlap,positive,19,7,14,1,0.3333333333333333,0.875
83,acq_overlap,negative,25,3,3,4,0.5,0.42857142857142855
83,acq_overlap,neutral,20,9,1,8,0.9,0.5294117647058824
83,acq_overlap,positive,13,11,7,10,0.6111111111111112,0.5238095238095238
83,close_overlap,negative,22,3,3,7,0.5,0.3
83,close_overlap,neutral,15,1,9,13,0.1,0.07142857142857142
83,close_overlap,positive,10,12,6,13,0.6666666666666666,0.48
83,dislike_overlap,negative,9,4,2,20,0.6666666666666666,0.16666666666666666
83,dislike_overlap,neutral,19,4,6,9,0.4,0.3076923076923077
83,dislike_overlap,positive,20,2,16,3,0.1111111111111111,0.4
84,acq_overlap,negative,7,10,4,14,0.7142857142857143,0.4166666666666667
84,acq_overlap,neutral,10,5,17,6,0.22727272727272727,0.45454545454545453
84,acq_overlap,positive,12,4,23,2,0.14814814814814814,0.6666666666666666
84,close_overlap,negative,17,7,7,4,0.5,0.6363636363636364
84,close_overlap,neutral,12,8,14,4,0.36363636363636365,0.6666666666666666
84,close_overlap,positive,8,14,13,6,0.5185185185185185,0.7
84,dislike_overlap,negative,10,7,7,11,0.5,0.3888888888888889
84,dislike_overlap,neutral,9,4,18,7,0.18181818181818182,0.36363636363636365
84,dislike_overlap,positive,12,7,20,2,0.25925925925925924,0.7777777777777778
85,acq_overlap,negative,27,4,3,1,0.5714285714285714,0.8
85,acq_overlap,neutral,13,3,17,5,0.15,0.375
85,acq_overlap,positive,9,8,24,0,0.25,1
85,close_overlap,negative,25,2,5,3,0.2857142857142857,0.4
85,close_overlap,neutral,12,9,11,6,0.45,0.6
85,close_overlap,positive,4,22,10,5,0.6875,0.8148148148148148
85,dislike_overlap,negative,17,4,3,11,0.5714285714285714,0.26666666666666666
85,dislike_overlap,neutral,17,5,15,1,0.25,0.8333333333333334
85,dislike_overlap,positive,8,2,30,1,0.0625,0.6666666666666666
87,acq_overlap,negative,31,2,2,0,0.5,1
87,acq_overlap,neutral,32,1,5,0,0.16666666666666666,1
87,acq_overlap,positive,20,7,2,12,0.7777777777777778,0.3684210526315789
87,close_overlap,negative,29,1,3,2,0.25,0.3333333333333333
87,close_overlap,neutral,28,2,4,4,0.3333333333333333,0.3333333333333333
87,close_overlap,positive,19,7,2,13,0.7777777777777778,0.35
87,dislike_overlap,negative,17,0,4,14,0,0
87,dislike_overlap,neutral,26,0,6,6,0,0
87,dislike_overlap,positive,27,0,9,5,0,0
88,acq_overlap,negative,31,0,1,3,0,0
88,acq_overlap,neutral,33,0,1,4,0,0
88,acq_overlap,positive,29,2,6,4,0.25,0.3333333333333333
88,close_overlap,negative,31,0,1,3,0,0
88,close_overlap,neutral,35,0,1,2,0,0
88,close_overlap,positive,28,3,5,5,0.375,0.375
88,dislike_overlap,negative,27,0,1,7,0,0
88,dislike_overlap,neutral,35,0,1,2,0,0
88,dislike_overlap,positive,31,1,7,2,0.125,0.3333333333333333
90,acq_overlap,negative,28,1,3,3,0.25,0.25
90,acq_overlap,neutral,29,4,2,3,0.6666666666666666,0.5714285714285714
90,acq_overlap,positive,19,5,10,7,0.3333333333333333,0.4166666666666667
90,close_overlap,negative,28,2,2,3,0.5,0.4
90,close_overlap,neutral,26,1,5,6,0.16666666666666666,0.14285714285714285
90,close_overlap,positive,15,9,6,11,0.6,0.45
90,dislike_overlap,negative,18,2,2,13,0.5,0.13333333333333333
90,dislike_overlap,neutral,24,2,4,8,0.3333333333333333,0.2
90,dislike_overlap,positive,26,4,11,0,0.26666666666666666,1
91,acq_overlap,negative,28,0,7,0,0,NaN
91,acq_overlap,neutral,27,0,10,1,0,0
91,acq_overlap,positive,15,9,11,6,0.45,0.6
91,close_overlap,negative,25,3,4,3,0.42857142857142855,0.5
91,close_overlap,neutral,25,0,10,3,0,0
91,close_overlap,positive,16,12,8,5,0.6,0.7058823529411765
91,dislike_overlap,negative,10,3,4,18,0.42857142857142855,0.14285714285714285
91,dislike_overlap,neutral,27,4,6,1,0.4,0.8
91,dislike_overlap,positive,20,1,19,1,0.05,0.5
92,acq_overlap,negative,31,1,1,2,0.5,0.3333333333333333
92,acq_overlap,neutral,32,1,2,3,0.3333333333333333,0.25
92,acq_overlap,positive,29,4,6,2,0.4,0.6666666666666666
92,close_overlap,negative,30,1,1,3,0.5,0.25
92,close_overlap,neutral,31,1,2,4,0.3333333333333333,0.2
92,close_overlap,positive,9,9,1,22,0.9,0.2903225806451613
92,dislike_overlap,negative,18,0,2,15,0,0
92,dislike_overlap,neutral,27,1,2,8,0.3333333333333333,0.1111111111111111
92,dislike_overlap,positive,24,3,7,7,0.3,0.3
94,acq_overlap,negative,31,0,4,0,0,NaN
94,acq_overlap,neutral,30,3,4,1,0.42857142857142855,0.75
94,acq_overlap,positive,12,12,11,6,0.5217391304347826,0.6666666666666666
94,close_overlap,negative,31,1,3,0,0.25,1
94,close_overlap,neutral,28,1,6,3,0.14285714285714285,0.25
94,close_overlap,positive,6,15,8,12,0.6521739130434783,0.5555555555555556
94,dislike_overlap,negative,29,0,4,2,0,0
94,dislike_overlap,neutral,26,2,5,5,0.2857142857142857,0.2857142857142857
94,dislike_overlap,positive,13,5,18,5,0.21739130434782608,0.5
95,acq_overlap,negative,20,2,1,12,0.6666666666666666,0.14285714285714285
95,acq_overlap,neutral,29,2,5,2,0.2857142857142857,0.5
95,acq_overlap,positive,16,8,13,4,0.38095238095238093,0.6666666666666666
95,close_overlap,negative,31,1,2,1,0.3333333333333333,0.5
95,close_overlap,neutral,30,2,5,1,0.2857142857142857,0.6666666666666666
95,close_overlap,positive,10,14,7,10,0.6666666666666666,0.5833333333333334
95,dislike_overlap,negative,19,2,1,13,0.6666666666666666,0.13333333333333333
95,dislike_overlap,neutral,25,2,5,6,0.2857142857142857,0.25
95,dislike_overlap,positive,17,8,13,3,0.38095238095238093,0.7272727272727273
96,acq_overlap,negative,27,0,8,0,0,NaN
96,acq_overlap,neutral,19,0,17,2,0,0
96,acq_overlap,positive,11,8,15,7,0.34782608695652173,0.5333333333333333
96,close_overlap,negative,25,2,6,2,0.25,0.5
96,close_overlap,neutral,17,1,16,4,0.058823529411764705,0.2
96,close_overlap,positive,13,9,14,5,0.391304347826087,0.6428571428571429
96,dislike_overlap,negative,17,5,3,10,0.625,0.3333333333333333
96,dislike_overlap,neutral,18,6,11,3,0.35294117647058826,0.6666666666666666
96,dislike_overlap,positive,16,0,23,2,0,0
97,acq_overlap,negative,30,0,3,2,0,0
97,acq_overlap,neutral,21,0,13,4,0,0
97,acq_overlap,positive,12,7,19,3,0.2692307692307692,0.7
97,close_overlap,negative,32,1,2,0,0.3333333333333333,1
97,close_overlap,neutral,23,6,7,2,0.46153846153846156,0.75
97,close_overlap,positive,4,17,9,11,0.6538461538461539,0.6071428571428571
97,dislike_overlap,negative,19,3,0,13,1,0.1875
97,dislike_overlap,neutral,23,9,4,2,0.6923076923076923,0.8181818181818182
97,dislike_overlap,positive,14,3,23,1,0.11538461538461539,0.75
99,acq_overlap,negative,29,0,1,5,0,0
99,acq_overlap,neutral,27,1,3,7,0.25,0.125
99,acq_overlap,positive,16,4,11,10,0.26666666666666666,0.2857142857142857
99,close_overlap,negative,31,0,1,3,0,0
99,close_overlap,neutral,31,1,3,3,0.25,0.25
99,close_overlap,positive,11,11,4,15,0.7333333333333333,0.4230769230769231
99,dislike_overlap,negative,18,1,0,16,1,0.058823529411764705
99,dislike_overlap,neutral,24,1,3,10,0.25,0.09090909090909091
99,dislike_overlap,positive,25,0,15,1,0,0
101,acq_overlap,negative,31,0,3,1,0,0
101,acq_overlap,neutral,28,2,4,4,0.3333333333333333,0.3333333333333333
101,acq_overlap,positive,13,16,6,6,0.7272727272727273,0.7272727272727273
101,close_overlap,negative,29,2,1,3,0.6666666666666666,0.4
101,close_overlap,neutral,29,3,3,3,0.5,0.5
101,close_overlap,positive,13,9,13,6,0.4090909090909091,0.6
101,dislike_overlap,negative,17,0,3,15,0,0
101,dislike_overlap,neutral,27,1,5,5,0.16666666666666666,0.16666666666666666
101,dislike_overlap,positive,19,1,21,0,0.045454545454545456,1
102,acq_overlap,negative,33,0,2,0,0,NaN
102,acq_overlap,neutral,26,3,8,1,0.2727272727272727,0.75
102,acq_overlap,positive,17,11,7,6,0.6111111111111112,0.6470588235294118
102,close_overlap,negative,26,0,2,7,0,0
102,close_overlap,neutral,15,2,9,12,0.18181818181818182,0.14285714285714285
102,close_overlap,positive,10,6,12,13,0.3333333333333333,0.3157894736842105
102,dislike_overlap,negative,24,1,1,9,0.5,0.1
102,dislike_overlap,neutral,24,4,7,3,0.36363636363636365,0.5714285714285714
102,dislike_overlap,positive,20,5,13,3,0.2777777777777778,0.625
103,acq_overlap,negative,23,4,2,6,0.6666666666666666,0.4
103,acq_overlap,neutral,25,1,5,7,0.16666666666666666,0.125
103,acq_overlap,positive,28,2,6,5,0.25,0.2857142857142857
103,close_overlap,negative,26,2,4,3,0.3333333333333333,0.4
103,close_overlap,neutral,29,5,1,3,0.8333333333333334,0.625
103,close_overlap,positive,21,5,3,12,0.625,0.29411764705882354
103,dislike_overlap,negative,16,3,3,13,0.5,0.1875
103,dislike_overlap,neutral,27,4,2,5,0.6666666666666666,0.4444444444444444
103,dislike_overlap,positive,28,0,8,5,0,0
104,acq_overlap,negative,19,0,15,1,0,0
104,acq_overlap,neutral,12,4,10,12,0.2857142857142857,0.25
104,acq_overlap,positive,4,11,2,24,0.8461538461538461,0.3142857142857143
104,close_overlap,negative,12,4,11,8,0.26666666666666666,0.3333333333333333
104,close_overlap,neutral,13,7,7,11,0.5,0.3888888888888889
104,close_overlap,positive,9,7,6,19,0.5384615384615384,0.2692307692307692
104,dislike_overlap,negative,7,8,7,13,0.5333333333333333,0.38095238095238093
104,dislike_overlap,neutral,20,3,11,4,0.21428571428571427,0.42857142857142855
104,dislike_overlap,positive,26,1,12,2,0.07692307692307693,0.3333333333333333
105,acq_overlap,negative,35,0,0,0,NaN,NaN
105,acq_overlap,neutral,38,0,0,0,NaN,NaN
105,acq_overlap,positive,31,2,4,4,0.3333333333333333,0.3333333333333333
105,close_overlap,negative,26,0,0,9,NaN,0
105,close_overlap,neutral,36,0,0,2,NaN,0
105,close_overlap,positive,33,0,6,2,0,0
105,dislike_overlap,negative,34,0,0,1,NaN,0
105,dislike_overlap,neutral,37,0,0,1,NaN,0
105,dislike_overlap,positive,31,3,3,4,0.5,0.42857142857142855
106,acq_overlap,negative,24,0,5,6,0,0
106,acq_overlap,neutral,28,1,4,5,0.2,0.16666666666666666
106,acq_overlap,positive,22,1,11,7,0.08333333333333333,0.125
106,close_overlap,negative,30,2,3,0,0.4,1
106,close_overlap,neutral,28,1,4,5,0.2,0.16666666666666666
106,close_overlap,positive,18,7,5,11,0.5833333333333334,0.3888888888888889
106,dislike_overlap,negative,16,2,3,14,0.4,0.125
106,dislike_overlap,neutral,28,1,4,5,0.2,0.16666666666666666
106,dislike_overlap,positive,24,0,12,5,0,0
107,acq_overlap,negative,35,0,0,0,NaN,NaN
107,acq_overlap,neutral,31,0,2,5,0,0
107,acq_overlap,positive,16,6,3,16,0.6666666666666666,0.2727272727272727
107,close_overlap,negative,28,0,0,7,NaN,0
107,close_overlap,neutral,31,0,2,5,0,0
107,close_overlap,positive,23,3,6,9,0.3333333333333333,0.25
107,dislike_overlap,negative,31,0,0,4,NaN,0
107,dislike_overlap,neutral,33,2,0,3,1,0.4
107,dislike_overlap,positive,28,4,5,4,0.4444444444444444,0.5
108,acq_overlap,negative,24,0,10,1,0,0
108,acq_overlap,neutral,26,0,11,1,0,0
108,acq_overlap,positive,18,13,6,4,0.6842105263157895,0.7647058823529411
108,close_overlap,negative,21,2,8,4,0.2,0.3333333333333333
108,close_overlap,neutral,23,6,5,4,0.5454545454545454,0.6
108,close_overlap,positive,12,15,4,10,0.7894736842105263,0.6
108,dislike_overlap,negative,19,3,7,6,0.3,0.3333333333333333
108,dislike_overlap,neutral,22,2,9,5,0.18181818181818182,0.2857142857142857
108,dislike_overlap,positive,21,4,15,1,0.21052631578947367,0.8
110,acq_overlap,negative,30,0,0,5,NaN,0
110,acq_overlap,neutral,30,0,7,1,0,0
110,acq_overlap,positive,26,0,10,5,0,0
110,close_overlap,negative,35,0,0,0,NaN,NaN
110,close_overlap,neutral,29,1,6,2,0.14285714285714285,0.3333333333333333
110,close_overlap,positive,24,2,8,7,0.2,0.2222222222222222
110,dislike_overlap,negative,25,0,0,10,NaN,0
110,dislike_overlap,neutral,29,0,7,2,0,0
110,dislike_overlap,positive,31,0,10,0,0,NaN
111,acq_overlap,negative,29,0,5,1,0,0
111,acq_overlap,neutral,29,0,6,3,0,0
111,acq_overlap,positive,23,2,7,9,0.2222222222222222,0.18181818181818182
111,close_overlap,negative,28,2,3,2,0.4,0.5
111,close_overlap,neutral,26,0,6,6,0,0
111,close_overlap,positive,18,4,5,14,0.4444444444444444,0.2222222222222222
111,dislike_overlap,negative,26,3,2,4,0.6,0.42857142857142855
111,dislike_overlap,neutral,27,0,6,5,0,0
111,dislike_overlap,positive,31,5,4,1,0.5555555555555556,0.8333333333333334
112,acq_overlap,negative,25,0,10,0,0,NaN
112,acq_overlap,neutral,29,1,6,2,0.14285714285714285,0.3333333333333333
112,acq_overlap,positive,6,19,12,4,0.6129032258064516,0.8260869565217391
112,close_overlap,negative,21,7,3,4,0.7,0.6363636363636364
112,close_overlap,neutral,22,5,2,9,0.7142857142857143,0.35714285714285715
112,close_overlap,positive,6,21,10,4,0.6774193548387096,0.84
112,dislike_overlap,negative,13,4,6,12,0.4,0.25
112,dislike_overlap,neutral,27,2,5,4,0.2857142857142857,0.3333333333333333
112,dislike_overlap,positive,10,1,30,0,0.03225806451612903,1
113,acq_overlap,negative,29,0,6,0,0,NaN
113,acq_overlap,neutral,28,1,6,3,0.14285714285714285,0.25
113,acq_overlap,positive,22,4,8,7,0.3333333333333333,0.36363636363636365
113,close_overlap,negative,23,3,3,6,0.5,0.3333333333333333
113,close_overlap,neutral,23,4,3,8,0.5714285714285714,0.3333333333333333
113,close_overlap,positive,18,7,5,11,0.5833333333333334,0.3888888888888889
113,dislike_overlap,negative,17,2,4,12,0.3333333333333333,0.14285714285714285
113,dislike_overlap,neutral,20,3,4,11,0.42857142857142855,0.21428571428571427
113,dislike_overlap,positive,24,3,9,5,0.25,0.375
116,acq_overlap,negative,28,0,2,5,0,0
116,acq_overlap,neutral,28,0,3,7,0,0
116,acq_overlap,positive,7,16,8,10,0.6666666666666666,0.6153846153846154
116,close_overlap,negative,32,0,2,1,0,0
116,close_overlap,neutral,31,1,2,4,0.3333333333333333,0.2
116,close_overlap,positive,7,19,5,10,0.7916666666666666,0.6551724137931034
116,dislike_overlap,negative,13,1,1,20,0.5,0.047619047619047616
116,dislike_overlap,neutral,27,2,1,8,0.6666666666666666,0.2
116,dislike_overlap,positive,15,9,15,2,0.375,0.8181818181818182
117,acq_overlap,negative,28,0,7,0,0,NaN
117,acq_overlap,neutral,28,0,7,3,0,0
117,acq_overlap,positive,17,5,9,10,0.35714285714285715,0.3333333333333333
117,close_overlap,negative,22,3,4,6,0.42857142857142855,0.3333333333333333
117,close_overlap,neutral,25,0,7,6,0,0
117,close_overlap,positive,19,6,8,8,0.42857142857142855,0.42857142857142855
117,dislike_overlap,negative,18,3,4,10,0.42857142857142855,0.23076923076923078
117,dislike_overlap,neutral,25,2,5,6,0.2857142857142857,0.25
117,dislike_overlap,positive,20,4,10,7,0.2857142857142857,0.36363636363636365
119,acq_overlap,negative,32,0,3,0,0,NaN
119,acq_overlap,neutral,28,0,8,2,0,0
119,acq_overlap,positive,25,1,4,11,0.2,0.08333333333333333
119,close_overlap,negative,31,0,3,1,0,0
119,close_overlap,neutral,29,0,8,1,0,0
119,close_overlap,positive,23,4,1,13,0.8,0.23529411764705882
119,dislike_overlap,negative,24,1,2,8,0.3333333333333333,0.1111111111111111
119,dislike_overlap,neutral,28,0,8,2,0,0
119,dislike_overlap,positive,36,0,5,0,0,NaN
120,acq_overlap,negative,25,1,8,1,0.1111111111111111,0.5
120,acq_overlap,neutral,27,2,8,1,0.2,0.6666666666666666
120,acq_overlap,positive,25,0,9,7,0,0
120,close_overlap,negative,25,0,9,1,0,0
120,close_overlap,neutral,21,1,9,7,0.1,0.125
120,close_overlap,positive,17,6,3,15,0.6666666666666666,0.2857142857142857
120,dislike_overlap,negative,14,4,5,12,0.4444444444444444,0.25
120,dislike_overlap,neutral,21,1,9,7,0.1,0.125
120,dislike_overlap,positive,29,0,9,3,0,0
121,acq_overlap,negative,7,1,27,0,0.03571428571428571,1
121,acq_overlap,neutral,17,2,15,4,0.11764705882352941,0.3333333333333333
121,acq_overlap,positive,12,9,12,8,0.42857142857142855,0.5294117647058824
121,close_overlap,negative,7,9,19,0,0.32142857142857145,1
121,close_overlap,neutral,17,10,7,4,0.5882352941176471,0.7142857142857143
121,close_overlap,positive,6,18,3,14,0.8571428571428571,0.5625
121,dislike_overlap,negative,4,19,9,3,0.6785714285714286,0.8636363636363636
121,dislike_overlap,neutral,19,1,16,2,0.058823529411764705,0.3333333333333333
121,dislike_overlap,positive,18,0,21,2,0,0
122,acq_overlap,negative,35,0,0,0,NaN,NaN
122,acq_overlap,neutral,35,0,3,0,0,NaN
122,acq_overlap,positive,31,2,7,1,0.2222222222222222,0.6666666666666666
122,close_overlap,negative,32,0,0,3,NaN,0
122,close_overlap,neutral,32,1,2,3,0.3333333333333333,0.25
122,close_overlap,positive,24,2,7,8,0.2222222222222222,0.2
122,dislike_overlap,negative,30,0,0,5,NaN,0
122,dislike_overlap,neutral,34,0,3,1,0,0
122,dislike_overlap,positive,32,0,9,0,0,NaN
124,acq_overlap,negative,30,0,2,3,0,0
124,acq_overlap,neutral,34,2,2,0,0.5,1
124,acq_overlap,positive,33,2,3,3,0.4,0.4
124,close_overlap,negative,32,1,1,1,0.5,0.5
124,close_overlap,neutral,32,1,3,2,0.25,0.3333333333333333
124,close_overlap,positive,22,2,3,14,0.4,0.125
124,dislike_overlap,negative,27,0,2,6,0,0
124,dislike_overlap,neutral,27,0,4,7,0,0
124,dislike_overlap,positive,33,0,5,3,0,0
125,acq_overlap,negative,29,0,6,0,0,NaN
125,acq_overlap,neutral,26,0,10,2,0,0
125,acq_overlap,positive,12,13,12,4,0.52,0.7647058823529411
125,close_overlap,negative,27,2,4,2,0.3333333333333333,0.5
125,close_overlap,neutral,23,2,8,5,0.2,0.2857142857142857
125,close_overlap,positive,11,17,8,5,0.68,0.7727272727272727
125,dislike_overlap,negative,16,3,3,13,0.5,0.1875
125,dislike_overlap,neutral,25,1,9,3,0.1,0.25
125,dislike_overlap,positive,16,0,25,0,0,NaN
127,acq_overlap,negative,29,0,6,0,0,NaN
127,acq_overlap,neutral,20,7,7,4,0.5,0.6363636363636364
127,acq_overlap,positive,9,17,6,9,0.7391304347826086,0.6538461538461539
127,close_overlap,negative,26,3,3,3,0.5,0.5
127,close_overlap,neutral,22,6,8,2,0.42857142857142855,0.75
127,close_overlap,positive,4,18,5,14,0.782608695652174,0.5625
127,dislike_overlap,negative,15,3,3,14,0.5,0.17647058823529413
127,dislike_overlap,neutral,15,7,7,9,0.5,0.4375
127,dislike_overlap,positive,15,3,20,3,0.13043478260869565,0.5
128,acq_overlap,negative,28,0,5,2,0,0
128,acq_overlap,neutral,25,3,6,4,0.3333333333333333,0.42857142857142855
128,acq_overlap,positive,23,6,8,4,0.42857142857142855,0.6
128,close_overlap,negative,29,0,5,1,0,0
128,close_overlap,neutral,21,1,8,8,0.1111111111111111,0.1111111111111111
128,close_overlap,positive,18,8,6,9,0.5714285714285714,0.47058823529411764
128,dislike_overlap,negative,29,0,5,1,0,0
128,dislike_overlap,neutral,20,0,9,9,0,0
128,dislike_overlap,positive,22,6,8,5,0.42857142857142855,0.5454545454545454
130,acq_overlap,negative,34,0,1,0,0,NaN
130,acq_overlap,neutral,20,9,0,9,1,0.5
130,acq_overlap,positive,5,22,1,13,0.9565217391304348,0.6285714285714286
130,close_overlap,negative,30,1,0,4,1,0.2
130,close_overlap,neutral,24,4,5,5,0.4444444444444444,0.4444444444444444
130,close_overlap,positive,10,22,1,8,0.9565217391304348,0.7333333333333333
130,dislike_overlap,negative,15,0,1,19,0,0
130,dislike_overlap,neutral,24,0,9,5,0,0
130,dislike_overlap,positive,18,0,23,0,0,NaN
131,acq_overlap,negative,31,0,4,0,0,NaN
131,acq_overlap,neutral,28,0,8,2,0,0
131,acq_overlap,positive,28,3,8,2,0.2727272727272727,0.6
131,close_overlap,negative,28,0,4,3,0,0
131,close_overlap,neutral,26,4,4,4,0.5,0.5
131,close_overlap,positive,19,7,4,11,0.6363636363636364,0.3888888888888889
131,dislike_overlap,negative,24,0,4,7,0,0
131,dislike_overlap,neutral,25,2,6,5,0.25,0.2857142857142857
131,dislike_overlap,positive,28,0,11,2,0,0
132,acq_overlap,negative,31,0,3,1,0,0
132,acq_overlap,neutral,31,0,6,1,0,0
132,acq_overlap,positive,22,8,4,7,0.6666666666666666,0.5333333333333333
132,close_overlap,negative,29,1,2,3,0.3333333333333333,0.25
132,close_overlap,neutral,24,1,5,8,0.16666666666666666,0.1111111111111111
132,close_overlap,positive,10,7,5,19,0.5833333333333334,0.2692307692307692
132,dislike_overlap,negative,24,0,3,8,0,0
132,dislike_overlap,neutral,29,0,6,3,0,0
132,dislike_overlap,positive,26,2,10,3,0.16666666666666666,0.4
134,acq_overlap,negative,31,1,3,0,0.25,1
134,acq_overlap,neutral,31,1,3,3,0.25,0.25
134,acq_overlap,positive,19,10,7,5,0.5882352941176471,0.6666666666666666
134,close_overlap,negative,30,1,3,1,0.25,0.5
134,close_overlap,neutral,25,2,2,9,0.5,0.18181818181818182
134,close_overlap,positive,13,6,11,11,0.35294117647058826,0.35294117647058826
134,dislike_overlap,negative,20,1,3,11,0.25,0.08333333333333333
134,dislike_overlap,neutral,32,2,2,2,0.5,0.5
134,dislike_overlap,positive,24,2,15,0,0.11764705882352941,1
135,acq_overlap,negative,19,3,11,2,0.21428571428571427,0.6
135,acq_overlap,neutral,23,3,11,1,0.21428571428571427,0.75
135,acq_overlap,positive,25,4,7,5,0.36363636363636365,0.4444444444444444
135,close_overlap,negative,18,9,5,3,0.6428571428571429,0.75
135,close_overlap,neutral,17,9,5,7,0.6428571428571429,0.5625
135,close_overlap,positive,16,7,4,14,0.6363636363636364,0.3333333333333333
135,dislike_overlap,negative,8,7,7,13,0.5,0.35
135,dislike_overlap,neutral,22,6,8,2,0.42857142857142855,0.75
135,dislike_overlap,positive,26,1,10,4,0.09090909090909091,0.2
137,acq_overlap,negative,32,0,1,2,0,0
137,acq_overlap,neutral,27,3,5,3,0.375,0.5
137,acq_overlap,positive,13,6,14,8,0.3,0.42857142857142855
137,close_overlap,negative,28,0,1,6,0,0
137,close_overlap,neutral,25,0,8,5,0,0
137,close_overlap,positive,11,15,5,10,0.75,0.6
137,dislike_overlap,negative,17,1,0,17,1,0.05555555555555555
137,dislike_overlap,neutral,23,2,6,7,0.25,0.2222222222222222
137,dislike_overlap,positive,19,2,18,2,0.1,0.5
139,acq_overlap,negative,24,1,5,5,0.16666666666666666,0.16666666666666666
139,acq_overlap,neutral,21,1,12,4,0.07692307692307693,0.2
139,acq_overlap,positive,13,3,22,3,0.12,0.5
139,close_overlap,negative,27,4,2,2,0.6666666666666666,0.6666666666666666
139,close_overlap,neutral,23,2,11,2,0.15384615384615385,0.5
139,close_overlap,positive,11,13,12,5,0.52,0.7222222222222222
139,dislike_overlap,negative,22,3,3,7,0.5,0.3
139,dislike_overlap,neutral,20,3,10,5,0.23076923076923078,0.375
139,dislike_overlap,positive,13,1,24,3,0.04,0.25
141,acq_overlap,negative,34,0,1,0,0,NaN
141,acq_overlap,neutral,36,0,2,0,0,NaN
141,acq_overlap,positive,20,6,3,12,0.6666666666666666,0.3333333333333333
141,close_overlap,negative,34,0,1,0,0,NaN
141,close_overlap,neutral,33,1,1,3,0.5,0.25
141,close_overlap,positive,23,8,1,9,0.8888888888888888,0.47058823529411764
141,dislike_overlap,negative,24,1,0,10,1,0.09090909090909091
141,dislike_overlap,neutral,30,1,1,6,0.5,0.14285714285714285
141,dislike_overlap,positive,29,1,8,3,0.1111111111111111,0.25
142,acq_overlap,negative,25,2,6,2,0.25,0.5
142,acq_overlap,neutral,28,1,5,4,0.16666666666666666,0.2
142,acq_overlap,positive,7,9,7,18,0.5625,0.3333333333333333
142,close_overlap,negative,21,5,3,6,0.625,0.45454545454545453
142,close_overlap,neutral,19,4,2,13,0.6666666666666666,0.23529411764705882
142,close_overlap,positive,4,13,3,21,0.8125,0.38235294117647056
142,dislike_overlap,negative,12,7,1,15,0.875,0.3181818181818182
142,dislike_overlap,neutral,19,1,5,13,0.16666666666666666,0.07142857142857142
142,dislike_overlap,positive,19,7,9,6,0.4375,0.5384615384615384
144,acq_overlap,negative,34,0,1,0,0,NaN
144,acq_overlap,neutral,33,0,4,1,0,0
144,acq_overlap,positive,18,4,18,1,0.18181818181818182,0.8
144,close_overlap,negative,33,0,1,1,0,0
144,close_overlap,neutral,31,2,2,3,0.5,0.4
144,close_overlap,positive,12,17,5,7,0.7727272727272727,0.7083333333333334
144,dislike_overlap,negative,26,0,1,8,0,0
144,dislike_overlap,neutral,31,0,4,3,0,0
144,dislike_overlap,positive,19,0,22,0,0,NaN
145,acq_overlap,negative,28,0,6,1,0,0
145,acq_overlap,neutral,24,3,6,5,0.3333333333333333,0.375
145,acq_overlap,positive,9,11,18,3,0.3793103448275862,0.7857142857142857
145,close_overlap,negative,17,4,2,12,0.6666666666666666,0.25
145,close_overlap,neutral,24,6,3,5,0.6666666666666666,0.5454545454545454
145,close_overlap,positive,8,15,14,4,0.5172413793103449,0.7894736842105263
145,dislike_overlap,negative,15,0,6,14,0,0
145,dislike_overlap,neutral,24,5,4,5,0.5555555555555556,0.5
145,dislike_overlap,positive,10,5,24,2,0.1724137931034483,0.7142857142857143
146,acq_overlap,negative,28,0,6,1,0,0
146,acq_overlap,neutral,27,0,9,2,0,0
146,acq_overlap,positive,22,1,10,8,0.09090909090909091,0.1111111111111111
146,close_overlap,negative,28,0,6,1,0,0
146,close_overlap,neutral,29,2,7,0,0.2222222222222222,1
146,close_overlap,positive,17,9,2,13,0.8181818181818182,0.4090909090909091
146,dislike_overlap,negative,22,2,4,7,0.3333333333333333,0.2222222222222222
146,dislike_overlap,neutral,28,2,7,1,0.2222222222222222,0.6666666666666666
146,dislike_overlap,positive,29,0,11,1,0,0
147,acq_overlap,negative,23,0,11,1,0,0
147,acq_overlap,neutral,22,4,9,3,0.3076923076923077,0.5714285714285714
147,acq_overlap,positive,5,16,19,1,0.45714285714285713,0.9411764705882353
147,close_overlap,negative,24,1,10,0,0.09090909090909091,1
147,close_overlap,neutral,20,4,9,5,0.3076923076923077,0.4444444444444444
147,close_overlap,positive,4,30,5,2,0.8571428571428571,0.9375
147,dislike_overlap,negative,16,5,6,8,0.45454545454545453,0.38461538461538464
147,dislike_overlap,neutral,24,3,10,1,0.23076923076923078,0.75
147,dislike_overlap,positive,6,0,35,0,0,NaN
148,acq_overlap,negative,26,2,1,6,0.6666666666666666,0.25
148,acq_overlap,neutral,26,1,10,1,0.09090909090909091,0.5
148,acq_overlap,positive,14,5,14,8,0.2631578947368421,0.38461538461538464
148,close_overlap,negative,28,1,2,4,0.3333333333333333,0.2
148,close_overlap,neutral,24,2,9,3,0.18181818181818182,0.4
148,close_overlap,positive,14,11,8,8,0.5789473684210527,0.5789473684210527
148,dislike_overlap,negative,21,1,2,11,0.3333333333333333,0.08333333333333333
148,dislike_overlap,neutral,22,4,7,5,0.36363636363636365,0.4444444444444444
148,dislike_overlap,positive,21,0,19,1,0,0
149,acq_overlap,negative,26,0,9,0,0,NaN
149,acq_overlap,neutral,18,4,14,2,0.2222222222222222,0.6666666666666666
149,acq_overlap,positive,12,13,15,1,0.4642857142857143,0.9285714285714286
149,close_overlap,negative,23,5,4,3,0.5555555555555556,0.625
149,close_overlap,neutral,18,7,11,2,0.3888888888888889,0.7777777777777778
149,close_overlap,positive,6,24,4,7,0.8571428571428571,0.7741935483870968
149,dislike_overlap,negative,11,5,4,15,0.5555555555555556,0.25
149,dislike_overlap,neutral,16,3,15,4,0.16666666666666666,0.42857142857142855
149,dislike_overlap,positive,12,1,27,1,0.03571428571428571,0.5
151,acq_overlap,negative,26,1,6,2,0.14285714285714285,0.3333333333333333
151,acq_overlap,neutral,23,0,7,8,0,0
151,acq_overlap,positive,14,8,16,3,0.3333333333333333,0.7272727272727273
151,close_overlap,negative,25,0,7,3,0,0
151,close_overlap,neutral,25,3,4,6,0.42857142857142855,0.3333333333333333
151,close_overlap,positive,14,10,14,3,0.4166666666666667,0.7692307692307693
151,dislike_overlap,negative,19,3,4,9,0.42857142857142855,0.25
151,dislike_overlap,neutral,25,4,3,6,0.5714285714285714,0.4
151,dislike_overlap,positive,16,3,21,1,0.125,0.75
154,acq_overlap,negative,30,1,4,0,0.2,1
154,acq_overlap,neutral,25,2,8,3,0.2,0.4
154,acq_overlap,positive,15,11,12,3,0.4782608695652174,0.7857142857142857
154,close_overlap,negative,29,0,5,1,0,0
154,close_overlap,neutral,27,3,7,1,0.3,0.75
154,close_overlap,positive,13,13,10,5,0.5652173913043478,0.7222222222222222
154,dislike_overlap,negative,18,1,4,12,0.2,0.07692307692307693
154,dislike_overlap,neutral,23,0,10,5,0,0
154,dislike_overlap,positive,15,4,19,3,0.17391304347826086,0.5714285714285714
155,acq_overlap,negative,32,1,2,0,0.3333333333333333,1
155,acq_overlap,neutral,29,1,5,3,0.16666666666666666,0.25
155,acq_overlap,positive,26,4,4,7,0.5,0.36363636363636365
155,close_overlap,negative,31,0,3,1,0,0
155,close_overlap,neutral,29,1,5,3,0.16666666666666666,0.25
155,close_overlap,positive,21,4,4,12,0.5,0.25
155,dislike_overlap,negative,28,0,3,4,0,0
155,dislike_overlap,neutral,28,1,5,4,0.16666666666666666,0.2
155,dislike_overlap,positive,29,3,5,4,0.375,0.42857142857142855
156,acq_overlap,negative,34,0,0,1,NaN,0
156,acq_overlap,neutral,29,1,7,1,0.125,0.5
156,acq_overlap,positive,15,11,8,7,0.5789473684210527,0.6111111111111112
156,close_overlap,negative,33,0,0,2,NaN,0
156,close_overlap,neutral,27,2,6,3,0.25,0.4
156,close_overlap,positive,18,9,10,4,0.47368421052631576,0.6923076923076923
156,dislike_overlap,negative,22,0,0,13,NaN,0
156,dislike_overlap,neutral,26,4,4,4,0.5,0.5
156,dislike_overlap,positive,19,1,18,3,0.05263157894736842,0.25
157,acq_overlap,negative,35,0,0,0,NaN,NaN
157,acq_overlap,neutral,30,1,1,6,0.5,0.14285714285714285
157,acq_overlap,positive,12,10,13,6,0.43478260869565216,0.625
157,close_overlap,negative,34,0,0,1,NaN,0
157,close_overlap,neutral,33,0,2,3,0,0
157,close_overlap,positive,9,16,7,9,0.6956521739130435,0.64
157,dislike_overlap,negative,17,0,0,18,NaN,0
157,dislike_overlap,neutral,31,0,2,5,0,0
157,dislike_overlap,positive,18,0,23,0,0,NaN
160,acq_overlap,negative,35,0,0,0,NaN,NaN
160,acq_overlap,neutral,36,1,1,0,0.5,1
160,acq_overlap,positive,24,5,7,5,0.4166666666666667,0.5
160,close_overlap,negative,34,0,0,1,NaN,0
160,close_overlap,neutral,33,1,1,3,0.5,0.25
160,close_overlap,positive,20,5,7,9,0.4166666666666667,0.35714285714285715
160,dislike_overlap,negative,27,0,0,8,NaN,0
160,dislike_overlap,neutral,31,0,2,5,0,0
160,dislike_overlap,positive,29,1,11,0,0.08333333333333333,1
161,acq_overlap,negative,32,0,2,1,0,0
161,acq_overlap,neutral,30,0,3,5,0,0
161,acq_overlap,positive,18,5,11,7,0.3125,0.4166666666666667
161,close_overlap,negative,32,2,0,1,1,0.6666666666666666
161,close_overlap,neutral,30,3,0,5,1,0.375
161,close_overlap,positive,13,9,7,12,0.5625,0.42857142857142855
161,dislike_overlap,negative,24,2,0,9,1,0.18181818181818182
161,dislike_overlap,neutral,27,0,3,8,0,0
161,dislike_overlap,positive,23,0,16,2,0,0
163,acq_overlap,negative,22,1,4,8,0.2,0.1111111111111111
163,acq_overlap,neutral,28,1,3,6,0.25,0.14285714285714285
163,acq_overlap,positive,25,1,15,0,0.0625,1
163,close_overlap,negative,29,1,4,1,0.2,0.5
163,close_overlap,neutral,29,3,1,5,0.75,0.375
163,close_overlap,positive,16,12,4,9,0.75,0.5714285714285714
163,dislike_overlap,negative,13,4,1,17,0.8,0.19047619047619047
163,dislike_overlap,neutral,25,3,1,9,0.75,0.25
163,dislike_overlap,positive,25,3,13,0,0.1875,1
164,acq_overlap,negative,33,1,0,1,1,0.5
164,acq_overlap,neutral,34,2,0,2,1,0.5
164,acq_overlap,positive,17,7,16,1,0.30434782608695654,0.875
164,close_overlap,negative,33,1,0,1,1,0.5
164,close_overlap,neutral,33,2,0,3,1,0.4
164,close_overlap,positive,16,10,13,2,0.43478260869565216,0.8333333333333334
164,dislike_overlap,negative,23,0,1,11,0,0
164,dislike_overlap,neutral,29,0,2,7,0,0
164,dislike_overlap,positive,17,1,22,1,0.043478260869565216,0.5
165,acq_overlap,negative,27,0,4,4,0,0
165,acq_overlap,neutral,25,3,4,6,0.42857142857142855,0.3333333333333333
165,acq_overlap,positive,26,5,3,7,0.625,0.4166666666666667
165,close_overlap,negative,27,1,3,4,0.25,0.2
165,close_overlap,neutral,28,1,6,3,0.14285714285714285,0.25
165,close_overlap,positive,25,5,3,8,0.625,0.38461538461538464
165,dislike_overlap,negative,19,1,3,12,0.25,0.07692307692307693
165,dislike_overlap,neutral,26,0,7,5,0,0
165,dislike_overlap,positive,33,2,6,0,0.25,1
167,acq_overlap,negative,29,0,1,5,0,0
167,acq_overlap,neutral,23,4,5,6,0.4444444444444444,0.4
167,acq_overlap,positive,15,10,15,1,0.4,0.9090909090909091
167,close_overlap,negative,32,1,0,2,1,0.3333333333333333
167,close_overlap,neutral,27,2,7,2,0.2222222222222222,0.5
167,close_overlap,positive,10,18,7,6,0.72,0.75
167,dislike_overlap,negative,7,1,0,27,1,0.03571428571428571
167,dislike_overlap,neutral,23,2,7,6,0.2222222222222222,0.25
167,dislike_overlap,positive,13,7,18,3,0.28,0.7
168,acq_overlap,negative,24,0,11,0,0,NaN
168,acq_overlap,neutral,21,2,15,0,0.11764705882352941,1
168,acq_overlap,positive,12,6,19,4,0.24,0.6
168,close_overlap,negative,22,7,4,2,0.6363636363636364,0.7777777777777778
168,close_overlap,neutral,19,5,12,2,0.29411764705882354,0.7142857142857143
168,close_overlap,positive,11,16,9,5,0.64,0.7619047619047619
168,dislike_overlap,negative,19,6,5,5,0.5454545454545454,0.5454545454545454
168,dislike_overlap,neutral,17,3,14,4,0.17647058823529413,0.42857142857142855
168,dislike_overlap,positive,7,11,14,9,0.44,0.55
169,acq_overlap,negative,32,0,3,0,0,NaN
169,acq_overlap,neutral,26,1,5,6,0.16666666666666666,0.14285714285714285
169,acq_overlap,positive,22,3,14,2,0.17647058823529413,0.6
169,close_overlap,negative,32,1,2,0,0.3333333333333333,1
169,close_overlap,neutral,32,1,5,0,0.16666666666666666,1
169,close_overlap,positive,19,4,13,5,0.23529411764705882,0.4444444444444444
169,dislike_overlap,negative,22,0,3,10,0,0
169,dislike_overlap,neutral,31,1,5,1,0.16666666666666666,0.5
169,dislike_overlap,positive,24,0,17,0,0,NaN
170,acq_overlap,negative,34,1,0,0,1,1
170,acq_overlap,neutral,33,0,3,2,0,0
170,acq_overlap,positive,20,4,8,9,0.3333333333333333,0.3076923076923077
170,close_overlap,negative,32,1,0,2,1,0.3333333333333333
170,close_overlap,neutral,32,3,0,3,1,0.5
170,close_overlap,positive,21,7,5,8,0.5833333333333334,0.4666666666666667
170,dislike_overlap,negative,28,0,1,6,0,0
170,dislike_overlap,neutral,32,1,2,3,0.3333333333333333,0.25
170,dislike_overlap,positive,24,2,10,5,0.16666666666666666,0.2857142857142857
172,acq_overlap,negative,31,0,4,0,0,NaN
172,acq_overlap,neutral,33,0,5,0,0,NaN
172,acq_overlap,positive,14,12,4,11,0.75,0.5217391304347826
172,close_overlap,negative,31,1,3,0,0.25,1
172,close_overlap,neutral,30,2,3,3,0.4,0.4
172,close_overlap,positive,9,13,3,16,0.8125,0.4482758620689655
172,dislike_overlap,negative,24,1,3,7,0.25,0.125
172,dislike_overlap,neutral,29,2,3,4,0.4,0.3333333333333333
172,dislike_overlap,positive,22,2,14,3,0.125,0.4
174,acq_overlap,negative,30,0,0,5,NaN,0
174,acq_overlap,neutral,26,1,3,8,0.25,0.1111111111111111
174,acq_overlap,positive,11,13,9,8,0.5909090909090909,0.6190476190476191
174,close_overlap,negative,35,0,0,0,NaN,NaN
174,close_overlap,neutral,29,2,2,5,0.5,0.2857142857142857
174,close_overlap,positive,5,20,2,14,0.9090909090909091,0.5882352941176471
174,dislike_overlap,negative,27,0,0,8,NaN,0
174,dislike_overlap,neutral,19,2,2,15,0.5,0.11764705882352941
174,dislike_overlap,positive,16,6,16,3,0.2727272727272727,0.6666666666666666
177,acq_overlap,negative,33,0,2,0,0,NaN
177,acq_overlap,neutral,27,1,3,7,0.25,0.125
177,acq_overlap,positive,5,12,8,16,0.6,0.42857142857142855
177,close_overlap,negative,25,0,2,8,0,0
177,close_overlap,neutral,21,2,2,13,0.5,0.13333333333333333
177,close_overlap,positive,12,14,6,9,0.7,0.6086956521739131
177,dislike_overlap,negative,21,0,2,12,0,0
177,dislike_overlap,neutral,24,1,3,10,0.25,0.09090909090909091
177,dislike_overlap,positive,16,7,13,5,0.35,0.5833333333333334
178,acq_overlap,negative,26,0,9,0,0,NaN
178,acq_overlap,neutral,23,4,9,2,0.3076923076923077,0.6666666666666666
178,acq_overlap,positive,3,18,2,18,0.9,0.5
178,close_overlap,negative,26,0,9,0,0,NaN
178,close_overlap,neutral,23,4,9,2,0.3076923076923077,0.6666666666666666
178,close_overlap,positive,12,14,6,9,0.7,0.6086956521739131
178,dislike_overlap,negative,10,7,2,16,0.7777777777777778,0.30434782608695654
178,dislike_overlap,neutral,19,4,9,6,0.3076923076923077,0.4
178,dislike_overlap,positive,19,1,19,2,0.05,0.3333333333333333
179,acq_overlap,negative,32,0,3,0,0,NaN
179,acq_overlap,neutral,25,2,7,4,0.2222222222222222,0.3333333333333333
179,acq_overlap,positive,13,5,14,9,0.2631578947368421,0.35714285714285715
179,close_overlap,negative,27,2,1,5,0.6666666666666666,0.2857142857142857
179,close_overlap,neutral,26,5,4,3,0.5555555555555556,0.625
179,close_overlap,positive,15,13,6,7,0.6842105263157895,0.65
179,dislike_overlap,negative,21,3,0,11,1,0.21428571428571427
179,dislike_overlap,neutral,22,5,4,7,0.5555555555555556,0.4166666666666667
179,dislike_overlap,positive,20,5,14,2,0.2631578947368421,0.7142857142857143
180,acq_overlap,negative,29,0,4,2,0,0
180,acq_overlap,neutral,25,1,8,4,0.1111111111111111,0.2
180,acq_overlap,positive,20,4,7,10,0.36363636363636365,0.2857142857142857
180,close_overlap,negative,29,2,2,2,0.5,0.5
180,close_overlap,neutral,27,4,5,2,0.4444444444444444,0.6666666666666666
180,close_overlap,positive,12,9,2,18,0.8181818181818182,0.3333333333333333
180,dislike_overlap,negative,20,0,4,11,0,0
180,dislike_overlap,neutral,25,1,8,4,0.1111111111111111,0.2
180,dislike_overlap,positive,25,2,9,5,0.18181818181818182,0.2857142857142857
181,acq_overlap,negative,29,0,6,0,0,NaN
181,acq_overlap,neutral,23,2,13,0,0.13333333333333333,1
181,acq_overlap,positive,20,6,15,0,0.2857142857142857,1
181,close_overlap,negative,28,2,4,1,0.3333333333333333,0.6666666666666666
181,close_overlap,neutral,22,3,12,1,0.2,0.75
181,close_overlap,positive,14,5,16,6,0.23809523809523808,0.45454545454545453
181,dislike_overlap,negative,22,5,1,7,0.8333333333333334,0.4166666666666667
181,dislike_overlap,neutral,23,2,13,0,0.13333333333333333,1
181,dislike_overlap,positive,16,1,20,4,0.047619047619047616,0.2
183,acq_overlap,negative,35,0,0,0,NaN,NaN
183,acq_overlap,neutral,33,0,5,0,0,NaN
183,acq_overlap,positive,27,4,2,8,0.6666666666666666,0.3333333333333333
183,close_overlap,negative,34,0,0,1,NaN,0
183,close_overlap,neutral,30,0,5,3,0,0
183,close_overlap,positive,29,2,4,6,0.3333333333333333,0.25
183,dislike_overlap,negative,28,0,0,7,NaN,0
183,dislike_overlap,neutral,29,0,5,4,0,0
183,dislike_overlap,positive,35,1,5,0,0.16666666666666666,1
185,acq_overlap,negative,34,0,1,0,0,NaN
185,acq_overlap,neutral,30,1,6,1,0.14285714285714285,0.5
185,acq_overlap,positive,7,14,11,9,0.56,0.6086956521739131
185,close_overlap,negative,32,0,1,2,0,0
185,close_overlap,neutral,26,0,7,5,0,0
185,close_overlap,positive,7,20,5,9,0.8,0.6896551724137931
185,dislike_overlap,negative,26,0,1,8,0,0
185,dislike_overlap,neutral,24,1,6,7,0.14285714285714285,0.125
185,dislike_overlap,positive,15,3,22,1,0.12,0.75
187,acq_overlap,negative,32,0,3,0,0,NaN
187,acq_overlap,neutral,33,1,2,2,0.3333333333333333,0.3333333333333333
187,acq_overlap,positive,16,7,6,12,0.5384615384615384,0.3684210526315789
187,close_overlap,negative,31,1,2,1,0.3333333333333333,0.5
187,close_overlap,neutral,31,3,0,4,1,0.42857142857142855
187,close_overlap,positive,15,10,3,13,0.7692307692307693,0.43478260869565216
187,dislike_overlap,negative,22,0,3,10,0,0
187,dislike_overlap,neutral,31,0,3,4,0,0
187,dislike_overlap,positive,28,2,11,0,0.15384615384615385,1
188,acq_overlap,negative,32,0,3,0,0,NaN
188,acq_overlap,neutral,32,1,4,1,0.2,0.5
188,acq_overlap,positive,30,0,11,0,0,NaN
188,close_overlap,negative,32,1,2,0,0.3333333333333333,1
188,close_overlap,neutral,33,0,5,0,0,NaN
188,close_overlap,positive,25,3,8,5,0.2727272727272727,0.375
188,dislike_overlap,negative,30,1,2,2,0.3333333333333333,0.3333333333333333
188,dislike_overlap,neutral,33,2,3,0,0.4,1
188,dislike_overlap,positive,29,0,11,1,0,0
189,acq_overlap,negative,27,0,8,0,0,NaN
189,acq_overlap,neutral,23,1,8,6,0.1111111111111111,0.14285714285714285
189,acq_overlap,positive,26,0,6,9,0,0
189,close_overlap,negative,20,2,6,7,0.25,0.2222222222222222
189,close_overlap,neutral,24,5,4,5,0.5555555555555556,0.5
189,close_overlap,positive,25,2,4,10,0.3333333333333333,0.16666666666666666
189,dislike_overlap,negative,10,3,5,17,0.375,0.15
189,dislike_overlap,neutral,24,3,6,5,0.3333333333333333,0.375
189,dislike_overlap,positive,33,0,6,2,0,0
190,acq_overlap,negative,30,2,1,2,0.6666666666666666,0.5
190,acq_overlap,neutral,29,4,1,4,0.8,0.5
190,acq_overlap,positive,13,10,12,6,0.45454545454545453,0.625
190,close_overlap,negative,28,2,1,4,0.6666666666666666,0.3333333333333333
190,close_overlap,neutral,29,4,1,4,0.8,0.5
190,close_overlap,positive,15,9,13,4,0.4090909090909091,0.6923076923076923
190,dislike_overlap,negative,23,3,0,9,1,0.25
190,dislike_overlap,neutral,30,4,1,3,0.8,0.5714285714285714
190,dislike_overlap,positive,18,5,17,1,0.22727272727272727,0.8333333333333334
191,acq_overlap,negative,35,0,0,0,NaN,NaN
191,acq_overlap,neutral,38,0,0,0,NaN,NaN
191,acq_overlap,positive,30,3,7,1,0.3,0.75
191,close_overlap,negative,34,0,0,1,NaN,0
191,close_overlap,neutral,30,0,0,8,NaN,0
191,close_overlap,positive,18,5,5,13,0.5,0.2777777777777778
191,dislike_overlap,negative,25,0,0,10,NaN,0
191,dislike_overlap,neutral,35,0,0,3,NaN,0
191,dislike_overlap,positive,29,3,7,2,0.3,0.6
192,acq_overlap,negative,21,1,13,0,0.07142857142857142,1
192,acq_overlap,neutral,18,1,13,6,0.07142857142857142,0.14285714285714285
192,acq_overlap,positive,32,2,3,4,0.4,0.3333333333333333
192,close_overlap,negative,19,4,10,2,0.2857142857142857,0.6666666666666666
192,close_overlap,neutral,20,6,8,4,0.42857142857142855,0.6
192,close_overlap,positive,22,5,0,14,1,0.2631578947368421
192,dislike_overlap,negative,12,4,10,9,0.2857142857142857,0.3076923076923077
192,dislike_overlap,neutral,21,4,10,3,0.2857142857142857,0.5714285714285714
192,dislike_overlap,positive,33,0,5,3,0,0
193,acq_overlap,negative,35,0,0,0,NaN,NaN
193,acq_overlap,neutral,38,0,0,0,NaN,NaN
193,acq_overlap,positive,32,0,1,8,0,0
193,close_overlap,negative,33,0,0,2,NaN,0
193,close_overlap,neutral,33,0,0,5,NaN,0
193,close_overlap,positive,30,0,1,10,0,0
193,dislike_overlap,negative,21,0,0,14,NaN,0
193,dislike_overlap,neutral,35,0,0,3,NaN,0
193,dislike_overlap,positive,40,0,1,0,0,NaN
194,acq_overlap,negative,29,0,6,0,0,NaN
194,acq_overlap,neutral,26,0,6,6,0,0
194,acq_overlap,positive,20,5,4,12,0.5555555555555556,0.29411764705882354
194,close_overlap,negative,18,3,3,11,0.5,0.21428571428571427
194,close_overlap,neutral,26,1,5,6,0.16666666666666666,0.14285714285714285
194,close_overlap,positive,26,1,8,6,0.1111111111111111,0.14285714285714285
194,dislike_overlap,negative,16,2,4,13,0.3333333333333333,0.13333333333333333
194,dislike_overlap,neutral,27,1,5,5,0.16666666666666666,0.16666666666666666
194,dislike_overlap,positive,30,3,6,2,0.3333333333333333,0.6
195,acq_overlap,negative,27,0,8,0,0,NaN
195,acq_overlap,neutral,20,2,11,5,0.15384615384615385,0.2857142857142857
195,acq_overlap,positive,6,13,4,18,0.7647058823529411,0.41935483870967744
195,close_overlap,negative,24,2,6,3,0.25,0.4
195,close_overlap,neutral,19,13,0,6,1,0.6842105263157895
195,close_overlap,positive,9,13,4,15,0.7647058823529411,0.4642857142857143
195,dislike_overlap,negative,8,5,3,19,0.625,0.20833333333333334
195,dislike_overlap,neutral,18,2,11,7,0.15384615384615385,0.2222222222222222
195,dislike_overlap,positive,18,2,15,6,0.11764705882352941,0.25
198,acq_overlap,negative,35,0,0,0,NaN,NaN
198,acq_overlap,neutral,35,0,1,2,0,0
198,acq_overlap,positive,31,0,8,2,0,0
198,close_overlap,negative,35,0,0,0,NaN,NaN
198,close_overlap,neutral,36,0,1,1,0,0
198,close_overlap,positive,26,3,5,7,0.375,0.3
198,dislike_overlap,negative,32,0,0,3,NaN,0
198,dislike_overlap,neutral,36,0,1,1,0,0
198,dislike_overlap,positive,32,0,8,1,0,0
199,acq_overlap,negative,18,6,9,2,0.4,0.75
199,acq_overlap,neutral,19,7,9,3,0.4375,0.7
199,acq_overlap,positive,11,16,4,10,0.8,0.6153846153846154
199,close_overlap,negative,20,3,12,0,0.2,1
199,close_overlap,neutral,20,3,13,2,0.1875,0.6
199,close_overlap,positive,8,14,6,13,0.7,0.5185185185185185
199,dislike_overlap,negative,6,10,5,14,0.6666666666666666,0.4166666666666667
199,dislike_overlap,neutral,18,9,7,4,0.5625,0.6923076923076923
199,dislike_overlap,positive,20,1,19,1,0.05,0.5
200,acq_overlap,negative,27,1,6,1,0.14285714285714285,0.5
200,acq_overlap,neutral,28,0,8,2,0,0
200,acq_overlap,positive,23,1,11,6,0.08333333333333333,0.14285714285714285
200,close_overlap,negative,27,3,4,1,0.42857142857142855,0.75
200,close_overlap,neutral,26,1,7,4,0.125,0.2
200,close_overlap,positive,18,10,2,11,0.8333333333333334,0.47619047619047616
200,dislike_overlap,negative,23,1,6,5,0.14285714285714285,0.16666666666666666
200,dislike_overlap,neutral,28,1,7,2,0.125,0.3333333333333333
200,dislike_overlap,positive,28,1,11,1,0.08333333333333333,0.5
202,acq_overlap,negative,31,0,3,1,0,0
202,acq_overlap,neutral,21,1,15,1,0.0625,0.5
202,acq_overlap,positive,8,13,19,1,0.40625,0.9285714285714286
202,close_overlap,negative,31,2,1,1,0.6666666666666666,0.6666666666666666
202,close_overlap,neutral,19,8,8,3,0.5,0.7272727272727273
202,close_overlap,positive,7,18,14,2,0.5625,0.9
202,dislike_overlap,negative,16,2,1,16,0.6666666666666666,0.1111111111111111
202,dislike_overlap,neutral,17,7,9,5,0.4375,0.5833333333333334
202,dislike_overlap,positive,7,8,24,2,0.25,0.8
203,acq_overlap,negative,34,0,0,1,NaN,0
203,acq_overlap,neutral,36,0,0,2,NaN,0
203,acq_overlap,positive,31,0,6,4,0,0
203,close_overlap,negative,33,0,0,2,NaN,0
203,close_overlap,neutral,33,0,0,5,NaN,0
203,close_overlap,positive,31,2,4,4,0.3333333333333333,0.3333333333333333
203,dislike_overlap,negative,25,0,0,10,NaN,0
203,dislike_overlap,neutral,32,0,0,6,NaN,0
203,dislike_overlap,positive,35,0,6,0,0,NaN
205,acq_overlap,negative,27,0,8,0,0,NaN
205,acq_overlap,neutral,25,1,8,4,0.1111111111111111,0.2
205,acq_overlap,positive,26,4,0,11,1,0.26666666666666666
205,close_overlap,negative,27,0,8,0,0,NaN
205,close_overlap,neutral,27,0,9,2,0,0
205,close_overlap,positive,21,4,0,16,1,0.2
205,dislike_overlap,negative,8,5,3,19,0.625,0.20833333333333334
205,dislike_overlap,neutral,23,0,9,6,0,0
205,dislike_overlap,positive,37,0,4,0,0,NaN
209,acq_overlap,negative,32,0,3,0,0,NaN
209,acq_overlap,neutral,32,0,3,3,0,0
209,acq_overlap,positive,31,1,1,8,0.5,0.1111111111111111
209,close_overlap,negative,25,0,3,7,0,0
209,close_overlap,neutral,30,0,3,5,0,0
209,close_overlap,positive,34,0,2,5,0,0
209,dislike_overlap,negative,22,0,3,10,0,0
209,dislike_overlap,neutral,30,0,3,5,0,0
209,dislike_overlap,positive,33,0,2,6,0,0
211,acq_overlap,negative,35,0,0,0,NaN,NaN
211,acq_overlap,neutral,31,2,1,4,0.6666666666666666,0.3333333333333333
211,acq_overlap,positive,22,9,1,9,0.9,0.5
211,close_overlap,negative,23,0,0,12,NaN,0
211,close_overlap,neutral,27,1,2,8,0.3333333333333333,0.1111111111111111
211,close_overlap,positive,18,3,7,13,0.3,0.1875
211,dislike_overlap,negative,6,0,0,29,NaN,0
211,dislike_overlap,neutral,22,2,1,13,0.6666666666666666,0.13333333333333333
211,dislike_overlap,positive,26,0,10,5,0,0
213,acq_overlap,negative,21,0,8,6,0,0
213,acq_overlap,neutral,26,3,5,4,0.375,0.42857142857142855
213,acq_overlap,positive,24,3,5,9,0.375,0.25
213,close_overlap,negative,25,2,6,2,0.25,0.5
213,close_overlap,neutral,26,2,6,4,0.25,0.3333333333333333
213,close_overlap,positive,12,8,0,21,1,0.27586206896551724
213,dislike_overlap,negative,14,5,3,13,0.625,0.2777777777777778
213,dislike_overlap,neutral,22,4,4,8,0.5,0.3333333333333333
213,dislike_overlap,positive,28,0,8,5,0,0
214,acq_overlap,negative,30,0,5,0,0,NaN
214,acq_overlap,neutral,25,1,7,5,0.125,0.16666666666666666
214,acq_overlap,positive,18,8,3,12,0.7272727272727273,0.4
214,close_overlap,negative,28,2,3,2,0.4,0.5
214,close_overlap,neutral,19,0,8,11,0,0
214,close_overlap,positive,13,9,2,17,0.8181818181818182,0.34615384615384615
214,dislike_overlap,negative,9,3,2,21,0.6,0.125
214,dislike_overlap,neutral,23,2,6,7,0.25,0.2222222222222222
214,dislike_overlap,positive,29,1,10,1,0.09090909090909091,0.5
216,acq_overlap,negative,31,0,4,0,0,NaN
216,acq_overlap,neutral,32,1,3,2,0.25,0.3333333333333333
216,acq_overlap,positive,26,3,6,6,0.3333333333333333,0.3333333333333333
216,close_overlap,negative,25,2,2,6,0.5,0.25
216,close_overlap,neutral,31,1,3,3,0.25,0.25
216,close_overlap,positive,24,2,7,8,0.2222222222222222,0.2
216,dislike_overlap,negative,28,1,3,3,0.25,0.25
216,dislike_overlap,neutral,30,0,4,4,0,0
216,dislike_overlap,positive,32,0,9,0,0,NaN
218,acq_overlap,negative,29,0,5,1,0,0
218,acq_overlap,neutral,24,3,9,2,0.25,0.6
218,acq_overlap,positive,12,14,11,4,0.56,0.7777777777777778
218,close_overlap,negative,29,0,5,1,0,0
218,close_overlap,neutral,19,4,8,7,0.3333333333333333,0.36363636363636365
218,close_overlap,positive,11,11,14,5,0.44,0.6875
218,dislike_overlap,negative,14,0,5,16,0,0
218,dislike_overlap,neutral,21,4,8,5,0.3333333333333333,0.4444444444444444
218,dislike_overlap,positive,16,0,25,0,0,NaN
219,acq_overlap,negative,25,1,2,7,0.3333333333333333,0.125
219,acq_overlap,neutral,32,3,2,1,0.6,0.75
219,acq_overlap,positive,31,1,8,1,0.1111111111111111,0.5
219,close_overlap,negative,31,1,2,1,0.3333333333333333,0.5
219,close_overlap,neutral,33,0,5,0,0,NaN
219,close_overlap,positive,25,3,6,7,0.3333333333333333,0.3
219,dislike_overlap,negative,16,0,3,16,0,0
219,dislike_overlap,neutral,29,2,3,4,0.4,0.3333333333333333
219,dislike_overlap,positive,32,0,9,0,0,NaN
